code,da,cap
NVDA,2025-09-03,41540.85
MSFT,2025-09-03,37571.53
AAPL,2025-09-03,35389.88
AMZN,2025-09-03,24096.84
META,2025-09-03,18515.74
AVGO,2025-09-03,14222.83
GOOGL,2025-09-03,13417.49
GOOG,2025-09-03,12548.73
TSM,2025-09-03,12001.1
TSLA,2025-09-03,10775.9
JPM,2025-09-03,8235.79
WMT,2025-09-03,7928.2
VOO,2025-09-03,7329.94
BRK.B,2025-09-03,6913.27
V,2025-09-03,6810.18
LLY,2025-09-03,6614.33
IVV,2025-09-03,6593.65
SPY,2025-09-03,6538.03
ORCL,2025-09-03,6276.34
MA,2025-09-03,5363.32
VTI,2025-09-03,5263.27
NFLX,2025-09-03,5210.36
XOM,2025-09-03,4771.0
JNJ,2025-09-03,4286.84
COST,2025-09-03,4212.06
HD,2025-09-03,4058.29
BRK.A,2025-09-03,3903.33
ABBV,2025-09-03,3742.63
BAC,2025-09-03,3707.92
PG,2025-09-03,3704.93
PLTR,2025-09-03,3674.76
QQQ,2025-09-03,3655.29
BABA,2025-09-03,3252.96
CVX,2025-09-03,3184.63
SAP,2025-09-03,3155.38
KO,2025-09-03,2969.1
GE,2025-09-03,2926.07
ASML,2025-09-03,2897.18
TMUS,2025-09-03,2843.48
UNH,2025-09-03,2788.39
CSCO,2025-09-03,2679.73
AMD,2025-09-03,2631.12
WFC,2025-09-03,2579.09
AZN,2025-09-03,2545.8
PM,2025-09-03,2540.67
NVO,2025-09-03,2521.2
TM,2025-09-03,2515.57
NVS,2025-09-03,2482.34
CRM,2025-09-03,2451.66
MS,2025-09-03,2371.04
ABT,2025-09-03,2300.54
IBM,2025-09-03,2273.84
MCD,2025-09-03,2257.77
AXP,2025-09-03,2252.64
HSBC,2025-09-03,2244.6
LIN,2025-09-03,2211.61
GS,2025-09-03,2211.56
RTX,2025-09-03,2116.37
SHEL,2025-09-03,2114.37
DIS,2025-09-03,2110.41
MRK,2025-09-03,2102.63
T,2025-09-03,2076.47
RY,2025-09-03,2053.97
PEP,2025-09-03,2035.26
CAT,2025-09-03,1944.75
UBER,2025-09-03,1938.19
NOW,2025-09-03,1907.89
VUG,2025-09-03,1870.73
INTU,2025-09-03,1865.26
VZ,2025-09-03,1844.22
TMO,2025-09-03,1829.72
SHOP,2025-09-03,1822.38
BKNG,2025-09-03,1809.43
HDB,2025-09-03,1806.25
TXN,2025-09-03,1779.55
PDD,2025-09-03,1765.9
BA,2025-09-03,1757.16
C,2025-09-03,1749.41
SCHW,2025-09-03,1746.6
ANET,2025-09-03,1726.68
VEA,2025-09-03,1714.23
MUFG,2025-09-03,1708.19
BLK,2025-09-03,1702.6
QCOM,2025-09-03,1697.05
APP,2025-09-03,1648.46
SPGI,2025-09-03,1646.3
SONY,2025-09-03,1619.9
BSX,2025-09-03,1593.33
ACN,2025-09-03,1582.98
ISRG,2025-09-03,1581.53
UL,2025-09-03,1575.06
GEV,2025-09-03,1570.84
TJX,2025-09-03,1552.22
AMGN,2025-09-03,1528.14
SYK,2025-09-03,1485.49
IEFA,2025-09-03,1485.22
ADBE,2025-09-03,1478.34
NEE,2025-09-03,1475.07
LOW,2025-09-03,1461.96
PGR,2025-09-03,1446.77
VTV,2025-09-03,1437.41
SPOT,2025-09-03,1434.95
DHR,2025-09-03,1428.09
BHP,2025-09-03,1419.11
COF,2025-09-03,1415.44
PFE,2025-09-03,1409.45
GILD,2025-09-03,1401.99
SAN,2025-09-03,1401.41
ARM,2025-09-03,1392.08
HON,2025-09-03,1358.68
BND,2025-09-03,1355.58
APH,2025-09-03,1351.44
TTE,2025-09-03,1348.03
ETN,2025-09-03,1335.26
MU,2025-09-03,1328.08
UNP,2025-09-03,1315.13
BX,2025-09-03,1306.26
AGG,2025-09-03,1303.49
PANW,2025-09-03,1281.14
TD,2025-09-03,1278.01
DE,2025-09-03,1269.25
UBS,2025-09-03,1260.06
CMCSA,2025-09-03,1251.29
AMAT,2025-09-03,1244.75
LRCX,2025-09-03,1237.02
SNY,2025-09-03,1216.79
ADP,2025-09-03,1210.51
MELI,2025-09-03,1203.11
ADI,2025-09-03,1203.08
BTI,2025-09-03,1202.47
KKR,2025-09-03,1201.27
MDT,2025-09-03,1183.28
COP,2025-09-03,1182.12
IWF,2025-09-03,1166.16
BUD,2025-09-03,1162.99
GLD,2025-09-03,1134.71
IBN,2025-09-03,1131.84
WELL,2025-09-03,1119.82
MO,2025-09-03,1119.31
KLAC,2025-09-03,1113.62
CB,2025-09-03,1109.24
NKE,2025-09-03,1103.84
SNPS,2025-09-03,1095.68
SE,2025-09-03,1071.44
DASH,2025-09-03,1062.99
ENB,2025-09-03,1053.62
INTC,2025-09-03,1050.47
LMT,2025-09-03,1048.4
CRWD,2025-09-03,1036.95
BBVA,2025-09-03,1035.62
SMFG,2025-09-03,1033.56
PLD,2025-09-03,1029.69
VXUS,2025-09-03,1023.96
IEMG,2025-09-03,1019.86
VRTX,2025-09-03,1016.9
RIO,2025-09-03,1015.17
MMC,2025-09-03,1009.16
SO,2025-09-03,1008.3
ICE,2025-09-03,1002.48
VGT,2025-09-03,999.67
IJH,2025-09-03,994.36
SBUX,2025-09-03,991.77
BN,2025-09-03,977.4
CME,2025-09-03,970.68
BMY,2025-09-03,966.83
VWO,2025-09-03,966.49
RCL,2025-09-03,964.28
CEG,2025-09-03,963.71
VIG,2025-09-03,954.05
HCA,2025-09-03,953.78
PH,2025-09-03,948.25
CDNS,2025-09-03,946.41
DUK,2025-09-03,944.81
BAM,2025-09-03,943.84
MSTR,2025-09-03,936.46
CVS,2025-09-03,929.94
RBLX,2025-09-03,925.21
AMT,2025-09-03,918.99
TT,2025-09-03,908.55
SHW,2025-09-03,905.15
WM,2025-09-03,903.99
HOOD,2025-09-03,895.96
MCO,2025-09-03,890.41
BP,2025-09-03,888.12
BMO,2025-09-03,884.93
RACE,2025-09-03,881.86
ORLY,2025-09-03,881.08
VO,2025-09-03,870.3
GD,2025-09-03,868.34
MCK,2025-09-03,859.3
NTES,2025-09-03,853.8
IJR,2025-09-03,845.46
DELL,2025-09-03,838.85
IBIT,2025-09-03,838.75
RELX,2025-09-03,837.3
SPLG,2025-09-03,836.21
XLK,2025-09-03,836.07
NOC,2025-09-03,831.91
CTAS,2025-09-03,828.56
NEM,2025-09-03,828.45
SCCO,2025-09-03,819.74
MMM,2025-09-03,809.6
PNC,2025-09-03,807.31
AON,2025-09-03,806.44
CI,2025-09-03,802.07
TRI,2025-09-03,799.97
MFG,2025-09-03,794.88
PBR,2025-09-03,793.3
MDLZ,2025-09-03,793.19
GSK,2025-09-03,792.75
MSI,2025-09-03,789.97
BNS,2025-09-03,780.89
AJG,2025-09-03,778.57
COIN,2025-09-03,776.75
ECL,2025-09-03,774.95
SNOW,2025-09-03,765.18
ABNB,2025-09-03,764.68
ITW,2025-09-03,761.54
APO,2025-09-03,758.68
USB,2025-09-03,755.37
CRH,2025-09-03,751.48
ITOT,2025-09-03,750.73
ITUB,2025-09-03,748.41
AEM,2025-09-03,747.33
EQIX,2025-09-03,745.94
FI,2025-09-03,743.47
RSP,2025-09-03,739.2
BK,2025-09-03,738.25
PBR.A,2025-09-03,734.01
CM,2025-09-03,729.06
EMR,2025-09-03,728.83
RSG,2025-09-03,725.87
ELV,2025-09-03,724.15
UPS,2025-09-03,722.89
TDG,2025-09-03,720.43
NU,2025-09-03,720.02
MAR,2025-09-03,719.55
SCHD,2025-09-03,717.71
NET,2025-09-03,716.86
ING,2025-09-03,709.62
WMB,2025-09-03,704.99
CP,2025-09-03,703.9
HWM,2025-09-03,703.42
AZO,2025-09-03,700.85
BCS,2025-09-03,690.55
INFY,2025-09-03,689.78
EPD,2025-09-03,689.41
JCI,2025-09-03,689.33
BNDX,2025-09-03,688.36
NGG,2025-09-03,680.39
ADSK,2025-09-03,679.3
CL,2025-09-03,677.37
ZTS,2025-09-03,675.54
DB,2025-09-03,670.49
PYPL,2025-09-03,665.33
FCX,2025-09-03,663.47
VB,2025-09-03,662.94
IWM,2025-09-03,659.53
EOG,2025-09-03,658.36
EFA,2025-09-03,654.27
CNQ,2025-09-03,649.77
APD,2025-09-03,648.25
HLT,2025-09-03,646.78
VYM,2025-09-03,640.14
VST,2025-09-03,637.39
LYG,2025-09-03,637.34
IVW,2025-09-03,631.91
IWD,2025-09-03,631.22
NSC,2025-09-03,624.13
WDAY,2025-09-03,623.26
TRV,2025-09-03,622.61
MNST,2025-09-03,620.13
DEO,2025-09-03,611.25
TEL,2025-09-03,608.63
URI,2025-09-03,608.19
ET,2025-09-03,603.12
CNI,2025-09-03,602.85
CSX,2025-09-03,601.79
EQNR,2025-09-03,598.51
TFC,2025-09-03,598.43
REGN,2025-09-03,597.56
GLW,2025-09-03,593.98
KMI,2025-09-03,593.96
SCHX,2025-09-03,589.5
AMX,2025-09-03,588.5
AEP,2025-09-03,588.43
SPG,2025-09-03,587.23
QQQM,2025-09-03,587.04
FTNT,2025-09-03,586.81
ALNY,2025-09-03,586.22
NXPI,2025-09-03,575.33
COR,2025-09-03,572.21
VCIT,2025-09-03,571.91
AFL,2025-09-03,570.88
AXON,2025-09-03,569.38
FAST,2025-09-03,568.31
ROP,2025-09-03,564.04
CMG,2025-09-03,560.36
NWG,2025-09-03,559.31
PWR,2025-09-03,557.89
SGOV,2025-09-03,551.35
DLR,2025-09-03,550.8
GM,2025-09-03,549.82
MPC,2025-09-03,544.2
BDX,2025-09-03,543.47
QUAL,2025-09-03,543.09
XLF,2025-09-03,542.17
TRP,2025-09-03,541.23
CMI,2025-09-03,540.3
ALL,2025-09-03,539.05
NDAQ,2025-09-03,538.05
MRVL,2025-09-03,537.17
SRE,2025-09-03,536.53
MET,2025-09-03,535.81
FDX,2025-09-03,531.69
CARR,2025-09-03,531.63
O,2025-09-03,529.84
PSX,2025-09-03,527.5
LNG,2025-09-03,526.1
IAU,2025-09-03,523.45
VT,2025-09-03,523.35
E,2025-09-03,522.09
SLB,2025-09-03,522.08
MPLX,2025-09-03,518.5
FLUT,2025-09-03,517.57
MFC,2025-09-03,517.37
CPNG,2025-09-03,516.47
LCID,2025-09-03,515.72
DHI,2025-09-03,513.28
PSA,2025-09-03,511.9
LHX,2025-09-03,510.97
IDXX,2025-09-03,507.19
PCAR,2025-09-03,505.25
D,2025-09-03,502.84
CVNA,2025-09-03,500.3
SCHF,2025-09-03,499.84
ROST,2025-09-03,492.99
SU,2025-09-03,492.94
CTVA,2025-09-03,491.6
PAYX,2025-09-03,487.74
VEU,2025-09-03,487.62
GWW,2025-09-03,487.29
VLO,2025-09-03,482.69
SCHG,2025-09-03,481.41
VRT,2025-09-03,479.59
TAK,2025-09-03,478.47
AMP,2025-09-03,478.15
EW,2025-09-03,476.84
IXUS,2025-09-03,476.22
TLT,2025-09-03,474.19
CBRE,2025-09-03,473.5
TCOM,2025-09-03,465.56
CPRT,2025-09-03,465.29
OKE,2025-09-03,465.2
WPM,2025-09-03,465.03
WCN,2025-09-03,464.58
B,2025-09-03,462.67
F,2025-09-03,462.46
DDOG,2025-09-03,462.44
FERG,2025-09-03,461.42
GRMN,2025-09-03,456.04
OXY,2025-09-03,455.8
KR,2025-09-03,450.91
AIG,2025-09-03,450.63
IMO,2025-09-03,448.82
TEAM,2025-09-03,447.75
HMC,2025-09-03,446.34
VV,2025-09-03,445.64
VEEV,2025-09-03,444.11
BKR,2025-09-03,443.65
HLN,2025-09-03,442.81
JD,2025-09-03,442.42
ARGX,2025-09-03,441.87
IWR,2025-09-03,441.2
TTWO,2025-09-03,440.63
CRWV,2025-09-03,439.13
EXC,2025-09-03,438.13
VALE,2025-09-03,435.84
IWB,2025-09-03,435.78
XEL,2025-09-03,428.37
MSCI,2025-09-03,426.75
AME,2025-09-03,425.76
CCL,2025-09-03,424.8
KMB,2025-09-03,424.68
JOYY,2025-09-03,423.88
CCI,2025-09-03,422.71
ZS,2025-09-03,421.28
EA,2025-09-03,420.0
TGT,2025-09-03,419.64
BIL,2025-09-03,418.97
RDDT,2025-09-03,417.62
XYZ,2025-09-03,416.85
EBAY,2025-09-03,412.03
FANG,2025-09-03,411.91
JEPI,2025-09-03,409.78
IVE,2025-09-03,409.25
MBB,2025-09-03,408.68
PEG,2025-09-03,406.0
SPYG,2025-09-03,404.03
YUM,2025-09-03,401.18
DAL,2025-09-03,400.06
MPWR,2025-09-03,396.34
KDP,2025-09-03,395.17
RMD,2025-09-03,394.16
DIA,2025-09-03,394.08
CCEP,2025-09-03,393.98
KVUE,2025-09-03,392.45
VCSH,2025-09-03,392.41
ETR,2025-09-03,389.27
ALC,2025-09-03,389.19
BSV,2025-09-03,388.12
ARES,2025-09-03,387.99
SYY,2025-09-03,387.54
BSBR,2025-09-03,387.0
MUB,2025-09-03,386.59
FER,2025-09-03,386.29
VTEB,2025-09-03,385.63
TME,2025-09-03,384.77
ROK,2025-09-03,380.77
VMC,2025-09-03,380.58
LVS,2025-09-03,380.09
PRU,2025-09-03,378.09
RKT,2025-09-03,376.29
LYV,2025-09-03,375.69
CUK,2025-09-03,375.54
HUM,2025-09-03,375.22
VRSK,2025-09-03,375.05
STX,2025-09-03,374.99
HSY,2025-09-03,374.41
HIG,2025-09-03,374.38
CSGP,2025-09-03,372.22
DFAC,2025-09-03,370.41
ONC,2025-09-03,369.89
MLM,2025-09-03,368.59
FNV,2025-09-03,366.13
FICO,2025-09-03,365.04
SCHB,2025-09-03,360.49
CAH,2025-09-03,359.53
CHTR,2025-09-03,356.8
IEF,2025-09-03,356.67
FIS,2025-09-03,356.21
VICI,2025-09-03,356.17
A,2025-09-03,355.0
ED,2025-09-03,352.9
TRGP,2025-09-03,351.95
CTSH,2025-09-03,350.77
ACGL,2025-09-03,346.72
WEC,2025-09-03,344.04
UAL,2025-09-03,343.67
MCHP,2025-09-03,341.51
XYL,2025-09-03,340.04
VNQ,2025-09-03,339.84
IUSB,2025-09-03,339.34
XLV,2025-09-03,338.39
PCG,2025-09-03,337.37
CHT,2025-09-03,336.91
OTIS,2025-09-03,336.23
CCJ,2025-09-03,335.99
ABEV,2025-09-03,335.23
DGRO,2025-09-03,334.03
FIG,2025-09-03,333.69
NUE,2025-09-03,333.31
PUK,2025-09-03,333.29
JPST,2025-09-03,332.94
RJF,2025-09-03,332.09
BIDU,2025-09-03,331.4
EL,2025-09-03,330.85
GEHC,2025-09-03,330.46
UI,2025-09-03,329.7
RYAAY,2025-09-03,329.23
VGIT,2025-09-03,329.13
WAB,2025-09-03,326.95
SLF,2025-09-03,326.19
EQT,2025-09-03,321.7
STT,2025-09-03,320.58
BBD,2025-09-03,319.43
WTW,2025-09-03,319.17
WDS,2025-09-03,318.99
KHC,2025-09-03,318.74
TSCO,2025-09-03,318.71
DD,2025-09-03,316.42
BRO,2025-09-03,314.31
IQV,2025-09-03,313.85
VONG,2025-09-03,313.39
GFI,2025-09-03,313.26
VBR,2025-09-03,312.23
ODFL,2025-09-03,311.28
MTB,2025-09-03,310.3
DXCM,2025-09-03,309.49
VG,2025-09-03,308.83
IR,2025-09-03,307.55
VTR,2025-09-03,306.54
LEN,2025-09-03,305.17
EXR,2025-09-03,303.95
INSM,2025-09-03,303.32
FITB,2025-09-03,301.69
AU,2025-09-03,299.46
HPE,2025-09-03,299.45
WDC,2025-09-03,298.35
LQD,2025-09-03,298.27
CVE,2025-09-03,296.78
TEF,2025-09-03,296.55
ADM,2025-09-03,296.54
WBD,2025-09-03,295.11
JEPQ,2025-09-03,294.86
MGK,2025-09-03,294.58
ALAB,2025-09-03,293.56
SOFI,2025-09-03,293.26
BR,2025-09-03,292.61
EFX,2025-09-03,292.58
IX,2025-09-03,291.28
FMX,2025-09-03,290.29
WIT,2025-09-03,290.06
KB,2025-09-03,289.39
SPDW,2025-09-03,289.02
AMRZ,2025-09-03,286.77
LPLA,2025-09-03,285.08
IBKR,2025-09-03,284.74
NRG,2025-09-03,284.17
KEYS,2025-09-03,284.11
VOD,2025-09-03,282.06
BBDO,2025-09-03,281.35
DTE,2025-09-03,281.26
SYF,2025-09-03,280.87
EME,2025-09-03,280.8
SPYV,2025-09-03,279.99
GOVT,2025-09-03,278.8
AFRM,2025-09-03,277.81
VIK,2025-09-03,276.65
NTR,2025-09-03,275.88
EFV,2025-09-03,275.14
K,2025-09-03,274.8
AWK,2025-09-03,274.5
CRCL,2025-09-03,274.15
WRB,2025-09-03,274.15
ROL,2025-09-03,272.85
AVB,2025-09-03,272.05
XLE,2025-09-03,270.58
TW,2025-09-03,270.57
AEE,2025-09-03,270.19
FUTU,2025-09-03,270.03
SMH,2025-09-03,268.79
HPQ,2025-09-03,268.26
PPL,2025-09-03,267.85
GIS,2025-09-03,266.01
KGC,2025-09-03,265.94
VGK,2025-09-03,265.94
IRM,2025-09-03,265.25
ATO,2025-09-03,265.22
STLA,2025-09-03,264.03
PHM,2025-09-03,263.0
EXPE,2025-09-03,262.94
TTD,2025-09-03,262.9
ERIC,2025-09-03,261.66
MTD,2025-09-03,261.32
VLTO,2025-09-03,260.74
CQP,2025-09-03,260.37
STZ,2025-09-03,258.25
TQQQ,2025-09-03,258.15
PHG,2025-09-03,258.08
HBAN,2025-09-03,256.91
FCNCA,2025-09-03,256.63
VRSN,2025-09-03,256.04
XLC,2025-09-03,255.63
TDY,2025-09-03,255.37
PSTG,2025-09-03,254.57
MDB,2025-09-03,254.55
IP,2025-09-03,254.33
PTC,2025-09-03,254.25
PINS,2025-09-03,252.39
USHY,2025-09-03,251.25
TU,2025-09-03,251.17
FE,2025-09-03,250.59
FWONK,2025-09-03,250.15
ZM,2025-09-03,249.88
JAAA,2025-09-03,249.6
BIV,2025-09-03,249.46
HUBS,2025-09-03,249.09
MT,2025-09-03,248.76
FTS,2025-09-03,248.68
TOST,2025-09-03,247.48
NTRS,2025-09-03,247.29
FIX,2025-09-03,247.21
EQR,2025-09-03,246.97
MKL,2025-09-03,246.77
PPG,2025-09-03,246.44
CBOE,2025-09-03,246.22
CNP,2025-09-03,245.61
SW,2025-09-03,245.14
SHY,2025-09-03,244.91
IUSG,2025-09-03,244.41
LI,2025-09-03,244.2
CLS,2025-09-03,243.72
DRI,2025-09-03,242.83
PODD,2025-09-03,241.82
DG,2025-09-03,241.43
BNTX,2025-09-03,241.41
RF,2025-09-03,240.39
CINF,2025-09-03,240.08
DOV,2025-09-03,239.62
TYL,2025-09-03,239.6
STE,2025-09-03,238.8
SMCI,2025-09-03,238.3
ULTA,2025-09-03,238.12
VXF,2025-09-03,238.05
LULU,2025-09-03,237.93
MDY,2025-09-03,237.0
DKNG,2025-09-03,236.72
NOK,2025-09-03,235.6
ES,2025-09-03,234.92
USMV,2025-09-03,234.87
WSM,2025-09-03,234.0
NTAP,2025-09-03,232.5
SHG,2025-09-03,232.02
XLY,2025-09-03,231.64
TROW,2025-09-03,231.51
EXE,2025-09-03,231.16
IYW,2025-09-03,230.64
STM,2025-09-03,230.29
NTRA,2025-09-03,229.93
XLI,2025-09-03,229.68
CYBR,2025-09-03,229.63
CG,2025-09-03,229.24
BCE,2025-09-03,228.75
LDOS,2025-09-03,228.0
HUBB,2025-09-03,227.86
LH,2025-09-03,227.56
VGSH,2025-09-03,227.26
CHD,2025-09-03,227.24
DYNF,2025-09-03,226.33
NVR,2025-09-03,226.3
CPAY,2025-09-03,225.52
FWONA,2025-09-03,225.49
FBTC,2025-09-03,224.65
ASX,2025-09-03,224.64
CFG,2025-09-03,222.88
DVN,2025-09-03,222.69
ESLT,2025-09-03,222.19
AER,2025-09-03,221.6
OEF,2025-09-03,220.54
ACWI,2025-09-03,219.82
IUSV,2025-09-03,219.13
PBA,2025-09-03,218.95
BEKE,2025-09-03,218.08
JBL,2025-09-03,218.07
TPR,2025-09-03,217.34
FSLR,2025-09-03,216.09
CRDO,2025-09-03,215.82
TEVA,2025-09-03,215.21
GIB,2025-09-03,214.96
CDW,2025-09-03,214.11
CMS,2025-09-03,214.08
IGSB,2025-09-03,214.04
SBAC,2025-09-03,213.99
EIX,2025-09-03,213.01
SSNC,2025-09-03,212.94
DLTR,2025-09-03,212.93
RBA,2025-09-03,212.9
CGDV,2025-09-03,211.14
HEI.A,2025-09-03,210.85
IDEV,2025-09-03,210.67
GPN,2025-09-03,210.49
AS,2025-09-03,210.4
RKLB,2025-09-03,209.99
XLU,2025-09-03,209.22
TPL,2025-09-03,209.07
ZBH,2025-09-03,208.08
KEY,2025-09-03,207.79
BIIB,2025-09-03,207.64
BAP,2025-09-03,207.59
NMR,2025-09-03,207.39
DVY,2025-09-03,206.19
SHV,2025-09-03,205.67
CHKP,2025-09-03,205.55
QSR,2025-09-03,204.58
SDY,2025-09-03,203.85
FBND,2025-09-03,203.61
SLV,2025-09-03,203.09
IOT,2025-09-03,202.17
IWP,2025-09-03,202.12
L,2025-09-03,200.95
FLEX,2025-09-03,200.74
DGX,2025-09-03,200.73
GRAB,2025-09-03,200.57
TSN,2025-09-03,200.48
GBTC,2025-09-03,200.47
GDDY,2025-09-03,198.66
VBK,2025-09-03,198.56
COWZ,2025-09-03,197.79
FNDX,2025-09-03,197.65
VIV,2025-09-03,197.3
NI,2025-09-03,196.82
GDX,2025-09-03,196.42
ON,2025-09-03,195.45
VOOG,2025-09-03,193.95
EBR.B,2025-09-03,193.81
RCI,2025-09-03,192.81
XPEV,2025-09-03,192.66
AMCR,2025-09-03,192.46
PKG,2025-09-03,191.59
LII,2025-09-03,191.44
STLD,2025-09-03,190.76
TER,2025-09-03,190.3
EEM,2025-09-03,190.16
RL,2025-09-03,189.82
GPC,2025-09-03,189.54
TLK,2025-09-03,188.71
VOE,2025-09-03,188.12
USFR,2025-09-03,188.07
IT,2025-09-03,187.51
TRMB,2025-09-03,187.04
BNT,2025-09-03,186.1
EC,2025-09-03,186.05
CASY,2025-09-03,185.76
INVH,2025-09-03,185.31
IHG,2025-09-03,185.15
SCHA,2025-09-03,184.93
CRBG,2025-09-03,184.91
BURL,2025-09-03,184.85
GWRE,2025-09-03,184.6
GFS,2025-09-03,184.36
HAL,2025-09-03,184.08
SATS,2025-09-03,183.88
CTRA,2025-09-03,183.69
EBR,2025-09-03,183.69
DECK,2025-09-03,183.46
GEN,2025-09-03,182.76
TS,2025-09-03,182.38
NTNX,2025-09-03,182.02
AVUV,2025-09-03,181.49
MTUM,2025-09-03,180.67
CW,2025-09-03,180.08
WY,2025-09-03,179.08
WST,2025-09-03,179.01
PFG,2025-09-03,178.62
HYG,2025-09-03,178.23
GFL,2025-09-03,178.08
SGI,2025-09-03,178.0
GLDM,2025-09-03,177.76
FFIV,2025-09-03,177.53
UTHR,2025-09-03,177.04
MKC,2025-09-03,176.72
VOT,2025-09-03,175.73
HEI,2025-09-03,175.53
RIVN,2025-09-03,175.22
PNR,2025-09-03,175.14
SMMT,2025-09-03,174.72
LYB,2025-09-03,174.3
USFD,2025-09-03,173.76
APTV,2025-09-03,173.4
WMG,2025-09-03,172.75
WAT,2025-09-03,172.66
TLN,2025-09-03,172.58
KEP,2025-09-03,172.05
KSPI,2025-09-03,172.03
FNDF,2025-09-03,171.8
ERIE,2025-09-03,171.6
J,2025-09-03,171.38
KOF,2025-09-03,170.67
INCY,2025-09-03,169.81
LUV,2025-09-03,169.79
RBRK,2025-09-03,169.73
DOW,2025-09-03,169.63
ETHA,2025-09-03,169.12
ESS,2025-09-03,168.42
IFF,2025-09-03,168.41
DKS,2025-09-03,168.36
CHWY,2025-09-03,168.22
SNA,2025-09-03,167.89
MAA,2025-09-03,167.89
IEI,2025-09-03,167.79
TRU,2025-09-03,167.59
UMC,2025-09-03,167.0
GMAB,2025-09-03,166.56
SN,2025-09-03,166.53
LNT,2025-09-03,165.8
IWV,2025-09-03,165.47
U,2025-09-03,165.2
THC,2025-09-03,165.14
TECK,2025-09-03,164.91
ACM,2025-09-03,164.34
EVRG,2025-09-03,164.31
DFUS,2025-09-03,164.01
RDVY,2025-09-03,163.89
EXPD,2025-09-03,163.41
YUMC,2025-09-03,162.97
DGRW,2025-09-03,162.67
BG,2025-09-03,162.51
SNN,2025-09-03,162.49
PFGC,2025-09-03,162.37
FNF,2025-09-03,162.19
BSY,2025-09-03,162.17
TWLO,2025-09-03,161.47
IGIB,2025-09-03,161.2
CSL,2025-09-03,160.5
PSKY,2025-09-03,160.39
VTIP,2025-09-03,159.34
FTV,2025-09-03,159.12
RPRX,2025-09-03,158.48
DPZ,2025-09-03,158.41
OKTA,2025-09-03,158.35
BBY,2025-09-03,158.28
EQH,2025-09-03,158.28
XLP,2025-09-03,157.73
RPM,2025-09-03,157.54
CELH,2025-09-03,157.51
ARCC,2025-09-03,157.44
FTI,2025-09-03,157.21
SUI,2025-09-03,156.96
NBIS,2025-09-03,156.71
ZBRA,2025-09-03,155.44
Z,2025-09-03,155.28
LTM,2025-09-03,154.89
FTAI,2025-09-03,154.77
PKX,2025-09-03,154.21
CGGR,2025-09-03,153.83
LOGI,2025-09-03,153.82
AAPG,2025-09-03,153.67
DOCU,2025-09-03,153.37
TKO,2025-09-03,153.28
RS,2025-09-03,152.44
KIM,2025-09-03,152.23
CHRW,2025-09-03,152.09
ILMN,2025-09-03,152.08
VHT,2025-09-03,151.7
DT,2025-09-03,151.48
MAS,2025-09-03,151.43
SBS,2025-09-03,151.26
EWJ,2025-09-03,151.03
SPHQ,2025-09-03,150.9
BLDR,2025-09-03,150.71
CLX,2025-09-03,150.33
OMC,2025-09-03,150.19
FTEC,2025-09-03,149.65
BCH,2025-09-03,148.55
IWY,2025-09-03,148.28
XPO,2025-09-03,148.2
VMBS,2025-09-03,147.72
CNC,2025-09-03,147.63
HOLX,2025-09-03,147.33
BWXT,2025-09-03,147.11
USIG,2025-09-03,146.89
EWBC,2025-09-03,146.74
WWD,2025-09-03,146.64
ONON,2025-09-03,146.29
EG,2025-09-03,146.18
WPC,2025-09-03,146.15
WES,2025-09-03,146.01
ROKU,2025-09-03,145.08
ZTO,2025-09-03,144.12
NVT,2025-09-03,144.03
ALLE,2025-09-03,143.96
APG,2025-09-03,143.86
PFF,2025-09-03,143.85
FMS,2025-09-03,142.95
JLL,2025-09-03,142.46
TXT,2025-09-03,142.03
BIP,2025-09-03,142.01
NIO,2025-09-03,141.95
GSLC,2025-09-03,141.74
MTZ,2025-09-03,141.64
ESGU,2025-09-03,141.57
SPMD,2025-09-03,141.27
JBHT,2025-09-03,140.73
CNH,2025-09-03,140.34
FDS,2025-09-03,140.19
GGG,2025-09-03,140.03
ICLR,2025-09-03,140.0
IWS,2025-09-03,139.67
HRL,2025-09-03,139.42
SCHP,2025-09-03,139.25
ARE,2025-09-03,139.24
QXO,2025-09-03,138.28
YMM,2025-09-03,138.16
NLY,2025-09-03,137.98
COHR,2025-09-03,137.84
BBJP,2025-09-03,137.41
MINT,2025-09-03,137.33
WSO,2025-09-03,137.32
CF,2025-09-03,137.3
TIP,2025-09-03,137.17
H,2025-09-03,136.96
BALL,2025-09-03,136.48
TOL,2025-09-03,135.7
GLPI,2025-09-03,135.36
MEDP,2025-09-03,135.19
SFM,2025-09-03,135.19
NBIX,2025-09-03,135.0
AGI,2025-09-03,134.92
VONV,2025-09-03,134.78
HLI,2025-09-03,134.59
CIEN,2025-09-03,134.04
EMB,2025-09-03,133.8
COO,2025-09-03,133.48
LECO,2025-09-03,132.92
CX,2025-09-03,132.9
WF,2025-09-03,132.69
TEM,2025-09-03,132.62
BEN,2025-09-03,132.55
CNA,2025-09-03,132.41
JEF,2025-09-03,131.65
BAH,2025-09-03,131.57
SPEM,2025-09-03,131.48
ITT,2025-09-03,131.45
REG,2025-09-03,131.14
SCHV,2025-09-03,131.13
EFG,2025-09-03,130.55
WYNN,2025-09-03,130.51
AVY,2025-09-03,130.07
DFIV,2025-09-03,129.9
RGA,2025-09-03,129.9
JBS,2025-09-03,129.67
DUOL,2025-09-03,129.45
FOX,2025-09-03,129.26
CLH,2025-09-03,129.22
SOXX,2025-09-03,129.18
VFH,2025-09-03,128.93
AMH,2025-09-03,128.85
LAMR,2025-09-03,127.82
IQLT,2025-09-03,127.34
UDR,2025-09-03,127.2
PHYS,2025-09-03,127.02
EMXC,2025-09-03,127.02
MGA,2025-09-03,126.8
BJ,2025-09-03,126.79
MOAT,2025-09-03,126.42
STIP,2025-09-03,126.23
FOXA,2025-09-03,126.14
DOCS,2025-09-03,126.05
ULS,2025-09-03,125.97
ALLY,2025-09-03,125.8
SPSM,2025-09-03,125.76
MANH,2025-09-03,125.36
OHI,2025-09-03,125.32
SQM,2025-09-03,124.77
NDSN,2025-09-03,124.72
EHC,2025-09-03,124.52
PAYC,2025-09-03,124.52
STN,2025-09-03,124.07
UNM,2025-09-03,123.95
SOLV,2025-09-03,123.8
OC,2025-09-03,123.78
PULS,2025-09-03,123.52
DOC,2025-09-03,123.21
PAAS,2025-09-03,123.15
VTWO,2025-09-03,123.03
RTO,2025-09-03,123.02
VTRS,2025-09-03,123.0
IWO,2025-09-03,122.98
AEG,2025-09-03,122.78
BE,2025-09-03,122.73
PAC,2025-09-03,122.55
PAA,2025-09-03,122.52
SNAP,2025-09-03,122.51
CNM,2025-09-03,122.46
SNX,2025-09-03,122.04
IONQ,2025-09-03,121.96
ASTS,2025-09-03,121.7
IEX,2025-09-03,121.45
PAG,2025-09-03,121.31
VYMI,2025-09-03,121.2
ASND,2025-09-03,121.12
COOP,2025-09-03,121.1
RBC,2025-09-03,121.07
BAX,2025-09-03,120.91
DFUV,2025-09-03,120.79
EVR,2025-09-03,120.78
AVEM,2025-09-03,120.76
FN,2025-09-03,120.6
SCHM,2025-09-03,120.43
ENTG,2025-09-03,120.33
SPMO,2025-09-03,119.69
SJM,2025-09-03,119.54
RGLD,2025-09-03,119.09
CIB,2025-09-03,119.07
AVAV,2025-09-03,118.95
HST,2025-09-03,118.19
RDY,2025-09-03,118.12
SUZ,2025-09-03,118.03
JKHY,2025-09-03,117.75
CRS,2025-09-03,117.51
BLD,2025-09-03,117.5
IWN,2025-09-03,117.3
AVDV,2025-09-03,117.19
SAIL,2025-09-03,117.05
CART,2025-09-03,117.02
CPT,2025-09-03,116.91
MP,2025-09-03,116.87
BXP,2025-09-03,116.85
ELS,2025-09-03,116.62
OWL,2025-09-03,116.61
YPF,2025-09-03,116.22
BSAC,2025-09-03,116.18
DFAT,2025-09-03,116.14
RNR,2025-09-03,115.97
SF,2025-09-03,115.94
NOBL,2025-09-03,115.68
HDV,2025-09-03,115.63
UHS,2025-09-03,115.55
BINC,2025-09-03,115.12
AFG,2025-09-03,114.6
NCLH,2025-09-03,114.52
FHN,2025-09-03,114.24
TXRH,2025-09-03,114.01
SPTL,2025-09-03,113.93
GL,2025-09-03,113.87
POOL,2025-09-03,113.72
BMRN,2025-09-03,113.25
SCHR,2025-09-03,112.95
SWK,2025-09-03,112.77
HTHT,2025-09-03,112.46
TLH,2025-09-03,112.39
JHX,2025-09-03,112.32
DFAI,2025-09-03,111.64
JOBY,2025-09-03,111.62
ESGV,2025-09-03,111.53
MBLY,2025-09-03,111.49
DFAS,2025-09-03,111.33
AKAM,2025-09-03,111.21
DRS,2025-09-03,111.21
SCHO,2025-09-03,111.04
HAS,2025-09-03,110.83
BZ,2025-09-03,110.59
WMS,2025-09-03,110.38
DAY,2025-09-03,109.73
SPTM,2025-09-03,109.6
SCI,2025-09-03,109.42
SWKS,2025-09-03,109.18
NWSA,2025-09-03,108.94
KTOS,2025-09-03,108.87
WLK,2025-09-03,108.56
IAGG,2025-09-03,108.54
SEIC,2025-09-03,108.44
AIZ,2025-09-03,108.43
WTRG,2025-09-03,108.37
SOXL,2025-09-03,108.13
ACI,2025-09-03,108.11
MORN,2025-09-03,107.92
SCHE,2025-09-03,107.52
CCK,2025-09-03,107.29
OKLO,2025-09-03,106.62
SPIB,2025-09-03,106.5
DTM,2025-09-03,106.23
OVV,2025-09-03,106.16
SCZ,2025-09-03,106.12
WCC,2025-09-03,106.03
PNW,2025-09-03,105.97
FRHC,2025-09-03,105.72
HII,2025-09-03,105.69
AMLP,2025-09-03,105.67
MLI,2025-09-03,105.52
ATI,2025-09-03,105.46
KNSL,2025-09-03,105.34
PEN,2025-09-03,105.18
CR,2025-09-03,105.06
ERJ,2025-09-03,104.77
AUR,2025-09-03,104.45
CIBR,2025-09-03,104.04
MOS,2025-09-03,103.75
MGM,2025-09-03,103.73
AGNC,2025-09-03,103.65
CAI,2025-09-03,103.41
PPC,2025-09-03,103.38
CACI,2025-09-03,103.25
PCOR,2025-09-03,103.06
W,2025-09-03,102.86
GNRC,2025-09-03,102.77
WBS,2025-09-03,102.65
SSB,2025-09-03,102.63
XLG,2025-09-03,102.54
ARMK,2025-09-03,102.38
GME,2025-09-03,102.35
SUB,2025-09-03,102.31
AYI,2025-09-03,101.85
COKE,2025-09-03,101.82
DFIC,2025-09-03,101.66
QGEN,2025-09-03,101.26
CPB,2025-09-03,100.56
TIMB,2025-09-03,100.54
HIMS,2025-09-03,100.49
ORI,2025-09-03,100.28
EXEL,2025-09-03,99.5
ASR,2025-09-03,99.5
IGV,2025-09-03,99.27
AOS,2025-09-03,99.2
BBIO,2025-09-03,99.1
APPF,2025-09-03,99.06
ENSG,2025-09-03,99.04
NXT,2025-09-03,98.84
WAL,2025-09-03,98.81
AIT,2025-09-03,98.74
MGV,2025-09-03,98.69
VGLT,2025-09-03,98.32
AR,2025-09-03,98.21
ESGD,2025-09-03,98.13
PR,2025-09-03,97.26
DVA,2025-09-03,97.22
MDGL,2025-09-03,97.02
REXR,2025-09-03,96.96
MTSI,2025-09-03,96.94
EPAM,2025-09-03,96.94
IPG,2025-09-03,96.91
IVZ,2025-09-03,96.77
RVTY,2025-09-03,96.76
DINO,2025-09-03,96.48
IONS,2025-09-03,96.42
VSS,2025-09-03,96.38
KT,2025-09-03,96.33
PCTY,2025-09-03,95.99
MOH,2025-09-03,95.96
ALGN,2025-09-03,95.94
NYT,2025-09-03,95.79
ALV,2025-09-03,95.6
MNDY,2025-09-03,95.46
MMYT,2025-09-03,95.18
SKX,2025-09-03,94.96
SFD,2025-09-03,94.6
TAP,2025-09-03,94.56
TTEK,2025-09-03,94.49
AVUS,2025-09-03,94.41
RRX,2025-09-03,94.37
ALB,2025-09-03,94.28
AES,2025-09-03,94.2
HMY,2025-09-03,94.01
XP,2025-09-03,93.82
LINE,2025-09-03,93.82
LITE,2025-09-03,93.75
KVYO,2025-09-03,93.69
MRNA,2025-09-03,93.57
EXAS,2025-09-03,93.28
TTAN,2025-09-03,93.23
CUBE,2025-09-03,93.13
DOX,2025-09-03,93.08
BWA,2025-09-03,93.03
INDA,2025-09-03,92.87
FYBR,2025-09-03,92.79
DCI,2025-09-03,92.77
PAVE,2025-09-03,92.57
DUHP,2025-09-03,92.41
UMBF,2025-09-03,92.21
PEGA,2025-09-03,92.18
WTS,2025-09-03,91.98
BILI,2025-09-03,91.97
CAG,2025-09-03,91.91
VRNA,2025-09-03,91.83
ESTC,2025-09-03,91.7
ITA,2025-09-03,91.68
WTFC,2025-09-03,91.61
DFAX,2025-09-03,91.6
LSCC,2025-09-03,91.57
BIRK,2025-09-03,91.31
FLOT,2025-09-03,91.18
SPHY,2025-09-03,91.17
PRMB,2025-09-03,91.14
BROS,2025-09-03,91.04
FVD,2025-09-03,91.01
PSO,2025-09-03,90.92
MTCH,2025-09-03,90.45
FSV,2025-09-03,90.45
SCHI,2025-09-03,90.45
DFAU,2025-09-03,90.43
KMX,2025-09-03,90.36
IJK,2025-09-03,90.32
SRAD,2025-09-03,90.32
SPXC,2025-09-03,90.26
SPTI,2025-09-03,90.21
WING,2025-09-03,90.15
CMA,2025-09-03,89.95
CDE,2025-09-03,89.79
GTLS,2025-09-03,89.4
SARO,2025-09-03,89.27
ONB,2025-09-03,89.23
OGE,2025-09-03,89.22
LEVI,2025-09-03,89.1
ATR,2025-09-03,89.08
SDVY,2025-09-03,88.76
AAL,2025-09-03,88.68
FNDA,2025-09-03,88.61
EGP,2025-09-03,88.58
SCHZ,2025-09-03,88.54
LLYVK,2025-09-03,88.51
QLD,2025-09-03,88.36
OSK,2025-09-03,87.71
HALO,2025-09-03,87.51
AVTR,2025-09-03,87.4
DDS,2025-09-03,87.32
PRI,2025-09-03,87.2
AVDE,2025-09-03,87.04
BBCA,2025-09-03,86.78
IGM,2025-09-03,86.7
FRT,2025-09-03,86.33
ELAN,2025-09-03,86.2
LLYVA,2025-09-03,86.05
ROIV,2025-09-03,85.97
TPG,2025-09-03,85.81
BRX,2025-09-03,85.68
BF.B,2025-09-03,85.62
SPAB,2025-09-03,85.57
CAE,2025-09-03,85.51
PLNT,2025-09-03,85.47
AM,2025-09-03,85.44
DSGX,2025-09-03,85.36
BPOP,2025-09-03,85.27
ONEQ,2025-09-03,85.15
KWEB,2025-09-03,85.12
LAD,2025-09-03,85.05
ZION,2025-09-03,84.77
NICE,2025-09-03,84.77
VIGI,2025-09-03,84.74
FTCS,2025-09-03,84.55
FND,2025-09-03,84.54
PBUS,2025-09-03,84.29
QRVO,2025-09-03,84.2
AWI,2025-09-03,84.19
PSN,2025-09-03,84.03
SPSB,2025-09-03,83.93
GAP,2025-09-03,83.82
OTEX,2025-09-03,83.7
VIPS,2025-09-03,83.56
FIVE,2025-09-03,83.26
STRL,2025-09-03,83.24
TIGO,2025-09-03,83.08
AN,2025-09-03,83.06
TECH,2025-09-03,82.97
CFR,2025-09-03,82.84
CHYM,2025-09-03,82.65
SCHH,2025-09-03,82.65
SKM,2025-09-03,82.62
HQY,2025-09-03,82.62
JIRE,2025-09-03,82.32
LKQ,2025-09-03,82.26
LNC,2025-09-03,82.07
INGR,2025-09-03,82.04
RRC,2025-09-03,81.82
CBSH,2025-09-03,81.82
CIGI,2025-09-03,81.75
AVLV,2025-09-03,81.73
QYLD,2025-09-03,81.53
HSIC,2025-09-03,81.41
APA,2025-09-03,81.15
MHK,2025-09-03,81.13
GH,2025-09-03,81.13
JNK,2025-09-03,80.89
AGCO,2025-09-03,80.55
AA,2025-09-03,80.55
PRF,2025-09-03,80.53
WIX,2025-09-03,80.52
NNN,2025-09-03,80.29
IJJ,2025-09-03,80.04
JAZZ,2025-09-03,79.9
CRL,2025-09-03,79.89
EDU,2025-09-03,79.82
CVLT,2025-09-03,79.61
ADC,2025-09-03,79.56
IGF,2025-09-03,79.55
VFS,2025-09-03,79.52
TTC,2025-09-03,79.47
GMED,2025-09-03,79.41
BOXX,2025-09-03,79.38
BLSH,2025-09-03,79.32
RMBS,2025-09-03,79.26
SIRI,2025-09-03,79.24
SPLV,2025-09-03,79.21
TFII,2025-09-03,79.16
ICL,2025-09-03,79.12
MCHI,2025-09-03,79.12
GIL,2025-09-03,79.05
MGC,2025-09-03,78.98
OLLI,2025-09-03,78.87
FDN,2025-09-03,78.85
LW,2025-09-03,78.81
G,2025-09-03,78.77
DBEF,2025-09-03,78.66
DBX,2025-09-03,78.18
SSD,2025-09-03,78.1
EZU,2025-09-03,77.84
NFG,2025-09-03,77.74
BMNR,2025-09-03,77.61
EMN,2025-09-03,77.59
SAIA,2025-09-03,77.55
GTLB,2025-09-03,77.5
SNDK,2025-09-03,77.29
VPL,2025-09-03,77.22
PSLV,2025-09-03,76.91
AXS,2025-09-03,76.84
IREN,2025-09-03,76.73
CAVA,2025-09-03,76.43
NEU,2025-09-03,76.24
XLRE,2025-09-03,76.18
INFA,2025-09-03,75.97
MNSO,2025-09-03,75.93
R,2025-09-03,75.89
PNFP,2025-09-03,75.61
VNO,2025-09-03,75.53
CTRE,2025-09-03,75.31
PDI,2025-09-03,75.25
JCPB,2025-09-03,75.23
CORT,2025-09-03,75.17
VDC,2025-09-03,75.15
LBRDK,2025-09-03,74.85
ZWS,2025-09-03,74.85
DFCF,2025-09-03,74.51
STWD,2025-09-03,74.38
RVMD,2025-09-03,74.34
MASI,2025-09-03,74.3
FSS,2025-09-03,74.2
KD,2025-09-03,73.99
ZK,2025-09-03,73.88
ELF,2025-09-03,73.85
CGNX,2025-09-03,73.83
OMF,2025-09-03,73.74
ALSN,2025-09-03,73.58
VPU,2025-09-03,73.56
JBTM,2025-09-03,73.55
IDCC,2025-09-03,73.48
FNDE,2025-09-03,73.39
BUFR,2025-09-03,73.06
UGI,2025-09-03,73.03
PYLD,2025-09-03,72.99
VOYA,2025-09-03,72.76
EXP,2025-09-03,72.67
OBDC,2025-09-03,72.67
SHYG,2025-09-03,72.53
VMI,2025-09-03,72.5
SPYD,2025-09-03,72.45
VDE,2025-09-03,72.16
DY,2025-09-03,72.09
ALK,2025-09-03,72.07
VCLT,2025-09-03,72.0
JGLO,2025-09-03,71.88
IBP,2025-09-03,71.82
JQUA,2025-09-03,71.66
MUSA,2025-09-03,71.63
LNW,2025-09-03,71.61
JGRO,2025-09-03,71.42
SNV,2025-09-03,71.4
AL,2025-09-03,71.31
BOKF,2025-09-03,71.28
CHDN,2025-09-03,71.24
SSO,2025-09-03,71.23
EQX,2025-09-03,71.22
ADT,2025-09-03,71.1
NVMI,2025-09-03,70.8
AHR,2025-09-03,70.78
EAT,2025-09-03,70.78
KNX,2025-09-03,70.75
VLUE,2025-09-03,70.64
CGUS,2025-09-03,70.54
SUN,2025-09-03,70.49
ARKK,2025-09-03,70.45
EXLS,2025-09-03,70.45
RYAN,2025-09-03,70.41
KRMN,2025-09-03,70.3
MOD,2025-09-03,70.22
LYFT,2025-09-03,70.21
IOO,2025-09-03,70.18
BEP,2025-09-03,69.99
FLS,2025-09-03,69.94
CADE,2025-09-03,69.72
LRN,2025-09-03,69.71
TSEM,2025-09-03,69.64
SRLN,2025-09-03,69.58
GDXJ,2025-09-03,69.46
DLB,2025-09-03,69.35
FLR,2025-09-03,69.31
ESAB,2025-09-03,69.23
LOAR,2025-09-03,69.0
MIDD,2025-09-03,68.75
BKLN,2025-09-03,68.72
FR,2025-09-03,68.67
JHG,2025-09-03,68.65
FBIN,2025-09-03,68.6
OTF,2025-09-03,68.51
CGGO,2025-09-03,68.46
BYD,2025-09-03,68.43
RGC,2025-09-03,68.34
HRB,2025-09-03,68.31
STAG,2025-09-03,68.13
IESC,2025-09-03,68.03
MKTX,2025-09-03,67.85
IEUR,2025-09-03,67.84
RYTM,2025-09-03,67.54
BXSL,2025-09-03,67.53
IDA,2025-09-03,67.38
JXN,2025-09-03,67.35
MKSI,2025-09-03,67.32
FDVV,2025-09-03,67.32
LIF,2025-09-03,67.2
CHE,2025-09-03,66.98
TFLO,2025-09-03,66.91
TMHC,2025-09-03,66.71
AXTA,2025-09-03,66.7
VONE,2025-09-03,66.58
FXI,2025-09-03,66.48
FCFS,2025-09-03,66.43
LEGN,2025-09-03,66.35
CFLT,2025-09-03,66.34
FAF,2025-09-03,66.33
TX,2025-09-03,66.29
BFAM,2025-09-03,66.23
MSA,2025-09-03,66.16
ELP,2025-09-03,66.14
OLED,2025-09-03,66.12
ACWX,2025-09-03,65.95
WH,2025-09-03,65.7
AMG,2025-09-03,65.53
RITM,2025-09-03,65.49
AAON,2025-09-03,65.43
GDS,2025-09-03,65.42
GTES,2025-09-03,65.37
RGEN,2025-09-03,65.36
PB,2025-09-03,65.35
WAY,2025-09-03,65.27
GRFS,2025-09-03,65.26
IJS,2025-09-03,65.22
FLY,2025-09-03,65.04
ROAD,2025-09-03,64.99
HEFA,2025-09-03,64.87
LPX,2025-09-03,64.79
MTG,2025-09-03,64.66
CEF,2025-09-03,64.63
KBR,2025-09-03,64.45
SLM,2025-09-03,64.36
VNOM,2025-09-03,64.29
DFAE,2025-09-03,64.14
TREX,2025-09-03,64.08
ARW,2025-09-03,64.03
SITE,2025-09-03,63.74
STVN,2025-09-03,63.61
CMC,2025-09-03,63.57
THG,2025-09-03,63.47
CCCS,2025-09-03,63.43
TAL,2025-09-03,63.41
BIO,2025-09-03,63.35
ABVX,2025-09-03,63.22
VCR,2025-09-03,63.08
LFUS,2025-09-03,63.07
BBWI,2025-09-03,63.01
RHP,2025-09-03,62.92
RWL,2025-09-03,62.85
SPMB,2025-09-03,62.75
OR,2025-09-03,62.66
HLNE,2025-09-03,62.54
JMBS,2025-09-03,62.46
VNT,2025-09-03,62.44
NXST,2025-09-03,62.39
GBIL,2025-09-03,62.27
IJT,2025-09-03,62.22
PRIM,2025-09-03,62.2
SANM,2025-09-03,62.13
VRNS,2025-09-03,62.11
ESNT,2025-09-03,62.03
UPST,2025-09-03,62.02
NWS,2025-09-03,62.01
GPK,2025-09-03,61.95
PPA,2025-09-03,61.81
ICSH,2025-09-03,61.78
GGAL,2025-09-03,61.74
RLI,2025-09-03,61.68
FTSM,2025-09-03,61.52
HR,2025-09-03,61.32
EPRT,2025-09-03,61.3
CHRD,2025-09-03,61.23
RNA,2025-09-03,61.23
VIS,2025-09-03,61.12
LTH,2025-09-03,61.07
EWT,2025-09-03,60.96
FPE,2025-09-03,60.94
MTDR,2025-09-03,60.92
AXSM,2025-09-03,60.88
GPI,2025-09-03,60.85
GNTX,2025-09-03,60.73
ELPC,2025-09-03,60.72
ESI,2025-09-03,60.72
CWST,2025-09-03,60.69
SBSW,2025-09-03,60.64
FOUR,2025-09-03,60.6
AMTM,2025-09-03,60.47
GGB,2025-09-03,60.47
POST,2025-09-03,60.27
HL,2025-09-03,60.16
S,2025-09-03,60.12
URBN,2025-09-03,59.95
CYTK,2025-09-03,59.82
TXNM,2025-09-03,59.74
GATX,2025-09-03,59.64
TBIL,2025-09-03,59.64
OZK,2025-09-03,59.31
DFEM,2025-09-03,59.27
BEPC,2025-09-03,59.2
FNB,2025-09-03,59.19
MTN,2025-09-03,59.14
CWAN,2025-09-03,59.07
JMTG,2025-09-03,58.97
TRNO,2025-09-03,58.89
BBIN,2025-09-03,58.87
MARA,2025-09-03,58.87
SPTS,2025-09-03,58.86
VLY,2025-09-03,58.83
AMKR,2025-09-03,58.82
MAT,2025-09-03,58.74
MAIN,2025-09-03,58.7
GXO,2025-09-03,58.51
SGHC,2025-09-03,58.45
CACC,2025-09-03,58.4
SITM,2025-09-03,58.38
PFSI,2025-09-03,58.34
BRFS,2025-09-03,58.3
PATH,2025-09-03,58.21
HOMB,2025-09-03,58.12
CRUS,2025-09-03,58.09
FDL,2025-09-03,57.95
BOND,2025-09-03,57.9
VFC,2025-09-03,57.89
GBCI,2025-09-03,57.85
LOPE,2025-09-03,57.73
LEA,2025-09-03,57.7
UFPI,2025-09-03,57.64
TSLL,2025-09-03,57.61
THO,2025-09-03,57.45
NUVL,2025-09-03,57.35
WPP,2025-09-03,57.28
WEX,2025-09-03,57.28
SOBO,2025-09-03,57.14
SWX,2025-09-03,57.1
PIPR,2025-09-03,57.03
IDV,2025-09-03,57.02
CIG,2025-09-03,56.93
IXN,2025-09-03,56.88
GLBE,2025-09-03,56.86
IRTC,2025-09-03,56.73
SGOL,2025-09-03,56.73
VUSB,2025-09-03,56.63
PI,2025-09-03,56.57
VOX,2025-09-03,56.38
TFPM,2025-09-03,56.33
WFG,2025-09-03,56.3
VOOV,2025-09-03,56.06
COLB,2025-09-03,55.96
CGCP,2025-09-03,55.9
URTH,2025-09-03,55.89
IBB,2025-09-03,55.79
THRO,2025-09-03,55.77
FROG,2025-09-03,55.76
BLV,2025-09-03,55.76
TFX,2025-09-03,55.71
ACT,2025-09-03,55.7
CAR,2025-09-03,55.29
ITRI,2025-09-03,55.28
ALGM,2025-09-03,55.2
ORA,2025-09-03,55.13
BOOT,2025-09-03,54.96
XLB,2025-09-03,54.83
AEIS,2025-09-03,54.79
MOG.A,2025-09-03,54.78
IAG,2025-09-03,54.69
MTH,2025-09-03,54.63
RDNT,2025-09-03,54.57
BTG,2025-09-03,54.51
SPXL,2025-09-03,54.5
SNEX,2025-09-03,54.34
FCN,2025-09-03,54.33
SMBS,2025-09-03,54.22
CHH,2025-09-03,54.21
GKOS,2025-09-03,54.18
TCAF,2025-09-03,54.17
ACHR,2025-09-03,54.12
SMR,2025-09-03,54.12
ATAT,2025-09-03,53.95
BBAX,2025-09-03,53.92
UBSI,2025-09-03,53.9
HESM,2025-09-03,53.86
EFAV,2025-09-03,53.7
CALM,2025-09-03,53.64
BMI,2025-09-03,53.56
EWZ,2025-09-03,53.53
BBUS,2025-09-03,53.51
SAIC,2025-09-03,53.49
MMSI,2025-09-03,53.35
FLG,2025-09-03,53.32
MRP,2025-09-03,53.21
LMBS,2025-09-03,53.08
HWC,2025-09-03,52.84
DFSV,2025-09-03,52.83
BRBR,2025-09-03,52.75
DLN,2025-09-03,52.45
XBI,2025-09-03,52.44
QBTS,2025-09-03,52.33
TKR,2025-09-03,52.32
BULL,2025-09-03,52.3
MC,2025-09-03,52.13
BCPC,2025-09-03,52.06
FFIN,2025-09-03,52.05
ESE,2025-09-03,52.04
SOUN,2025-09-03,51.94
LAZ,2025-09-03,51.89
EGO,2025-09-03,51.8
CLF,2025-09-03,51.79
CZR,2025-09-03,51.77
BLCO,2025-09-03,51.77
ETSY,2025-09-03,51.51
DFSD,2025-09-03,51.28
EWY,2025-09-03,51.18
AIRR,2025-09-03,51.15
UEC,2025-09-03,51.14
AX,2025-09-03,51.11
ESGE,2025-09-03,51.05
MZTI,2025-09-03,50.83
HXL,2025-09-03,50.83
ACIW,2025-09-03,50.78
AUB,2025-09-03,50.69
BVN,2025-09-03,50.64
SYM,2025-09-03,50.6
FSK,2025-09-03,50.58
DAR,2025-09-03,50.46
MRUS,2025-09-03,50.39
REZI,2025-09-03,50.33
XMHQ,2025-09-03,50.31
ONTO,2025-09-03,50.31
TGTX,2025-09-03,50.31
BDC,2025-09-03,50.29
MSM,2025-09-03,50.27
SMTC,2025-09-03,50.27
FELC,2025-09-03,50.19
DIVO,2025-09-03,50.1
PONY,2025-09-03,50.06
KRG,2025-09-03,50.04
VSGX,2025-09-03,50.03
NIQ,2025-09-03,50.03
WHR,2025-09-03,50.0
ABCB,2025-09-03,49.96
ENIC,2025-09-03,49.94
SPYI,2025-09-03,49.9
MMS,2025-09-03,49.9
ABG,2025-09-03,49.88
OMFL,2025-09-03,49.78
GUNR,2025-09-03,49.74
RIOT,2025-09-03,49.71
ALKS,2025-09-03,49.52
KEX,2025-09-03,49.49
TMF,2025-09-03,49.47
SKYW,2025-09-03,49.46
REYN,2025-09-03,49.38
KRC,2025-09-03,49.26
HBM,2025-09-03,49.26
OMAB,2025-09-03,49.24
QLYS,2025-09-03,49.05
CUZ,2025-09-03,48.98
KBWB,2025-09-03,48.95
CE,2025-09-03,48.88
NGD,2025-09-03,48.77
VVV,2025-09-03,48.76
RGTI,2025-09-03,48.75
FRO,2025-09-03,48.55
TKC,2025-09-03,48.54
ENPH,2025-09-03,48.48
JPIE,2025-09-03,48.47
SPR,2025-09-03,48.46
DORM,2025-09-03,48.45
LUMN,2025-09-03,48.43
CPA,2025-09-03,48.36
ATGE,2025-09-03,48.34
QTWO,2025-09-03,48.33
SJNK,2025-09-03,48.32
BF.A,2025-09-03,48.24
IEP,2025-09-03,48.22
SIGI,2025-09-03,48.21
NOV,2025-09-03,48.2
CRSP,2025-09-03,48.19
DSI,2025-09-03,48.08
SXT,2025-09-03,48.05
GHC,2025-09-03,47.97
RAL,2025-09-03,47.77
TTMI,2025-09-03,47.76
SFBS,2025-09-03,47.74
SLGN,2025-09-03,47.69
VWOB,2025-09-03,47.65
PAY,2025-09-03,47.63
MIR,2025-09-03,47.62
COMP,2025-09-03,47.59
DOOO,2025-09-03,47.58
SEE,2025-09-03,47.56
DJT,2025-09-03,47.49
SCHC,2025-09-03,47.49
RDN,2025-09-03,47.42
CROX,2025-09-03,47.4
STEP,2025-09-03,47.16
VCTR,2025-09-03,47.14
FG,2025-09-03,47.11
MSGS,2025-09-03,47.05
NJR,2025-09-03,47.02
OPCH,2025-09-03,46.95
BCO,2025-09-03,46.93
ACA,2025-09-03,46.93
BOX,2025-09-03,46.89
BILL,2025-09-03,46.87
TDS,2025-09-03,46.83
BIPC,2025-09-03,46.83
POR,2025-09-03,46.82
MAC,2025-09-03,46.68
BGC,2025-09-03,46.44
MSTY,2025-09-03,46.39
FBCG,2025-09-03,46.35
ST,2025-09-03,46.34
CRK,2025-09-03,46.33
GVA,2025-09-03,46.3
FMC,2025-09-03,46.29
AG,2025-09-03,46.27
AIQ,2025-09-03,46.08
VFLO,2025-09-03,46.05
IFS,2025-09-03,46.04
NNI,2025-09-03,46.02
YB,2025-09-03,45.89
EEMV,2025-09-03,45.86
OSCR,2025-09-03,45.71
WTM,2025-09-03,45.65
BITB,2025-09-03,45.63
SBRA,2025-09-03,45.56
LSTR,2025-09-03,45.52
HHH,2025-09-03,45.46
SHC,2025-09-03,45.39
SSL,2025-09-03,45.37
INGM,2025-09-03,45.32
SON,2025-09-03,45.31
FTDR,2025-09-03,45.28
OGS,2025-09-03,45.23
PDBC,2025-09-03,45.21
ARX,2025-09-03,45.14
FEZ,2025-09-03,45.02
NE,2025-09-03,45.01
SCHK,2025-09-03,44.96
NXE,2025-09-03,44.95
CSW,2025-09-03,44.89
GLNG,2025-09-03,44.84
WFRD,2025-09-03,44.8
CRVL,2025-09-03,44.72
ZETA,2025-09-03,44.68
MGY,2025-09-03,44.56
PECO,2025-09-03,44.54
BRKR,2025-09-03,44.53
BANF,2025-09-03,44.48
ISTB,2025-09-03,44.41
UPRO,2025-09-03,44.38
LPL,2025-09-03,44.3
KTB,2025-09-03,44.22
NPO,2025-09-03,44.22
M,2025-09-03,44.21
SR,2025-09-03,44.21
IBOC,2025-09-03,44.18
PTCT,2025-09-03,44.13
QS,2025-09-03,44.04
JMST,2025-09-03,43.93
CWB,2025-09-03,43.85
STNE,2025-09-03,43.82
AVT,2025-09-03,43.76
AB,2025-09-03,43.72
GOLF,2025-09-03,43.7
WK,2025-09-03,43.57
DIHP,2025-09-03,43.57
ASB,2025-09-03,43.55
ANF,2025-09-03,43.51
KRYS,2025-09-03,43.47
SKY,2025-09-03,43.43
KNF,2025-09-03,43.42
MENS,2025-09-03,43.41
ACAD,2025-09-03,43.39
KBH,2025-09-03,43.38
BKH,2025-09-03,43.31
AQN,2025-09-03,43.24
EUFN,2025-09-03,43.2
XMMO,2025-09-03,43.09
SLAB,2025-09-03,43.0
FELE,2025-09-03,42.94
JHMM,2025-09-03,42.86
SNDR,2025-09-03,42.8
CBT,2025-09-03,42.77
IHI,2025-09-03,42.71
GLXY,2025-09-03,42.68
BTSG,2025-09-03,42.66
MCY,2025-09-03,42.66
WSC,2025-09-03,42.59
QQQI,2025-09-03,42.5
BSCQ,2025-09-03,42.43
PJT,2025-09-03,42.43
NVDL,2025-09-03,42.35
SHAK,2025-09-03,42.33
PAAA,2025-09-03,42.25
CVCO,2025-09-03,42.25
FELG,2025-09-03,42.2
URA,2025-09-03,42.13
HRI,2025-09-03,42.0
HGV,2025-09-03,41.97
GMS,2025-09-03,41.97
PVAL,2025-09-03,41.87
GSIE,2025-09-03,41.77
CNX,2025-09-03,41.72
PHI,2025-09-03,41.68
PCVX,2025-09-03,41.67
SLG,2025-09-03,41.63
BC,2025-09-03,41.54
CORZ,2025-09-03,41.47
RH,2025-09-03,41.44
BBEU,2025-09-03,41.33
SSRM,2025-09-03,41.29
IRT,2025-09-03,41.2
LAUR,2025-09-03,41.19
CRC,2025-09-03,41.17
KRE,2025-09-03,41.03
PVH,2025-09-03,41.02
FSEC,2025-09-03,40.97
SPSC,2025-09-03,40.95
DLO,2025-09-03,40.91
CALF,2025-09-03,40.87
EAGG,2025-09-03,40.85
FHI,2025-09-03,40.78
MWA,2025-09-03,40.75
DFLV,2025-09-03,40.71
EPR,2025-09-03,40.65
TNL,2025-09-03,40.6
NOVT,2025-09-03,40.5
ZG,2025-09-03,40.48
MRCY,2025-09-03,40.43
CLBT,2025-09-03,40.36
JAVA,2025-09-03,40.33
ADMA,2025-09-03,40.33
IYF,2025-09-03,40.26
LEN.B,2025-09-03,40.25
RELY,2025-09-03,40.1
UCB,2025-09-03,40.06
SLYV,2025-09-03,39.97
BSCR,2025-09-03,39.83
VIST,2025-09-03,39.82
RYN,2025-09-03,39.68
VSAT,2025-09-03,39.61
MLCO,2025-09-03,39.55
TCBI,2025-09-03,39.53
COLD,2025-09-03,39.53
NSIT,2025-09-03,39.51
ACLX,2025-09-03,39.5
XAR,2025-09-03,39.36
CGMU,2025-09-03,39.2
OSIS,2025-09-03,39.18
HYLB,2025-09-03,39.17
MHO,2025-09-03,39.14
VRRM,2025-09-03,39.09
AVAL,2025-09-03,39.09
GBDC,2025-09-03,39.05
CGXU,2025-09-03,39.04
AGO,2025-09-03,38.91
VEON,2025-09-03,38.91
UGP,2025-09-03,38.82
GBTG,2025-09-03,38.8
FENI,2025-09-03,38.78
PGX,2025-09-03,38.72
VERX,2025-09-03,38.67
FIZZ,2025-09-03,38.64
QFIN,2025-09-03,38.6
CNO,2025-09-03,38.57
SEB,2025-09-03,38.51
KFY,2025-09-03,38.51
BKLC,2025-09-03,38.5
TOTL,2025-09-03,38.48
SKT,2025-09-03,38.45
ARWR,2025-09-03,38.44
ECG,2025-09-03,38.43
TGS,2025-09-03,38.35
TFSL,2025-09-03,38.34
BILS,2025-09-03,38.34
GSAT,2025-09-03,38.32
CALX,2025-09-03,38.29
REET,2025-09-03,38.23
IXJ,2025-09-03,38.2
FRSH,2025-09-03,38.15
DFIS,2025-09-03,38.09
RUN,2025-09-03,38.02
AKO.B,2025-09-03,37.96
DON,2025-09-03,37.89
ENS,2025-09-03,37.85
RHI,2025-09-03,37.8
MLTX,2025-09-03,37.78
COTY,2025-09-03,37.77
OPEN,2025-09-03,37.75
KC,2025-09-03,37.71
VCRB,2025-09-03,37.7
KAI,2025-09-03,37.69
APLD,2025-09-03,37.68
KNG,2025-09-03,37.67
LNTH,2025-09-03,37.5
MIRM,2025-09-03,37.48
MTSR,2025-09-03,37.44
EDV,2025-09-03,37.28
ORLA,2025-09-03,37.27
PATK,2025-09-03,37.25
TENB,2025-09-03,37.24
DXJ,2025-09-03,37.23
OS,2025-09-03,37.2
INTR,2025-09-03,37.18
EEFT,2025-09-03,37.16
RNST,2025-09-03,37.12
PAGP,2025-09-03,37.1
ITGR,2025-09-03,37.08
RSPT,2025-09-03,36.96
FV,2025-09-03,36.93
LMND,2025-09-03,36.84
ALE,2025-09-03,36.84
RRR,2025-09-03,36.84
BRC,2025-09-03,36.76
NHI,2025-09-03,36.75
EMLC,2025-09-03,36.73
ATMU,2025-09-03,36.71
DNP,2025-09-03,36.71
LEU,2025-09-03,36.7
CNR,2025-09-03,36.69
IYR,2025-09-03,36.68
IAUM,2025-09-03,36.57
WGS,2025-09-03,36.55
IPAR,2025-09-03,36.51
AKRO,2025-09-03,36.49
SIG,2025-09-03,36.49
TMDX,2025-09-03,36.46
PLXS,2025-09-03,36.42
CNS,2025-09-03,36.36
INTA,2025-09-03,36.3
EXPO,2025-09-03,36.29
BMA,2025-09-03,36.15
PTGX,2025-09-03,36.15
GFF,2025-09-03,35.85
PAM,2025-09-03,35.85
MUR,2025-09-03,35.75
HOG,2025-09-03,35.72
SUSA,2025-09-03,35.72
COMM,2025-09-03,35.71
TAC,2025-09-03,35.69
TEO,2025-09-03,35.62
SLNO,2025-09-03,35.58
RECS,2025-09-03,35.58
CWK,2025-09-03,35.56
NCNO,2025-09-03,35.46
AAP,2025-09-03,35.44
FULT,2025-09-03,35.42
FBP,2025-09-03,35.38
GVI,2025-09-03,35.32
VTHR,2025-09-03,35.28
WULF,2025-09-03,35.22
INDB,2025-09-03,35.21
BNL,2025-09-03,35.2
SLYG,2025-09-03,35.15
TBBK,2025-09-03,35.14
CARG,2025-09-03,35.12
NWE,2025-09-03,35.12
APLS,2025-09-03,35.11
GNW,2025-09-03,35.09
OTTR,2025-09-03,35.09
CAMT,2025-09-03,35.07
VIRT,2025-09-03,35.07
HTGC,2025-09-03,35.06
NEAR,2025-09-03,35.06
JMUB,2025-09-03,35.0
MGNI,2025-09-03,34.94
RUSHA,2025-09-03,34.91
VAL,2025-09-03,34.89
CXT,2025-09-03,34.88
ZLAB,2025-09-03,34.83
SMG,2025-09-03,34.82
XT,2025-09-03,34.78
HWKN,2025-09-03,34.78
SHLD,2025-09-03,34.71
HASI,2025-09-03,34.63
USLM,2025-09-03,34.61
TNET,2025-09-03,34.59
YOU,2025-09-03,34.52
CATY,2025-09-03,34.43
USMC,2025-09-03,34.39
SHM,2025-09-03,34.39
TDIV,2025-09-03,34.38
ATHM,2025-09-03,34.36
VNQI,2025-09-03,34.34
CAAP,2025-09-03,34.3
IPGP,2025-09-03,34.25
HSAI,2025-09-03,34.23
DISV,2025-09-03,34.18
AVPT,2025-09-03,34.12
TGNA,2025-09-03,34.09
TECL,2025-09-03,34.06
FIBK,2025-09-03,34.06
ODD,2025-09-03,33.9
AZZ,2025-09-03,33.88
KMPR,2025-09-03,33.84
EBC,2025-09-03,33.82
CDP,2025-09-03,33.79
HELO,2025-09-03,33.75
NVST,2025-09-03,33.73
HAYW,2025-09-03,33.72
FMDE,2025-09-03,33.65
AMBA,2025-09-03,33.64
HIW,2025-09-03,33.61
ENLT,2025-09-03,33.51
CMF,2025-09-03,33.5
PTLC,2025-09-03,33.5
VSEC,2025-09-03,33.49
ASAN,2025-09-03,33.49
AVNT,2025-09-03,33.48
VC,2025-09-03,33.47
AHL,2025-09-03,33.4
FIXD,2025-09-03,33.4
BXMT,2025-09-03,33.34
IBDR,2025-09-03,33.33
PSMT,2025-09-03,33.32
UTG,2025-09-03,33.31
GTM,2025-09-03,33.11
TGLS,2025-09-03,33.1
BRSL,2025-09-03,33.07
ASO,2025-09-03,33.07
SRRK,2025-09-03,33.05
MDU,2025-09-03,33.0
EMLP,2025-09-03,32.98
PLMR,2025-09-03,32.98
NEA,2025-09-03,32.95
IBDS,2025-09-03,32.94
PBH,2025-09-03,32.93
SAND,2025-09-03,32.92
HYD,2025-09-03,32.85
ACWV,2025-09-03,32.81
MSLC,2025-09-03,32.8
CNXC,2025-09-03,32.75
GNR,2025-09-03,32.74
CRNX,2025-09-03,32.63
CBZ,2025-09-03,32.59
BL,2025-09-03,32.56
UNF,2025-09-03,32.5
LGND,2025-09-03,32.47
APAM,2025-09-03,32.44
MATX,2025-09-03,32.44
WNS,2025-09-03,32.39
TEX,2025-09-03,32.32
ALHC,2025-09-03,32.32
CGBL,2025-09-03,32.29
BLKB,2025-09-03,32.29
FHB,2025-09-03,32.29
PRM,2025-09-03,32.23
PBF,2025-09-03,32.22
PII,2025-09-03,32.17
CIVI,2025-09-03,32.16
EWC,2025-09-03,32.11
PRGO,2025-09-03,32.1
CGMS,2025-09-03,32.09
WSFS,2025-09-03,32.06
WOR,2025-09-03,32.03
TFI,2025-09-03,32.02
SM,2025-09-03,31.96
CIFR,2025-09-03,31.9
FUL,2025-09-03,31.82
ITB,2025-09-03,31.76
SPHD,2025-09-03,31.59
IMTM,2025-09-03,31.57
GRID,2025-09-03,31.51
PCH,2025-09-03,31.47
CGDG,2025-09-03,31.45
HAFN,2025-09-03,31.42
CBU,2025-09-03,31.38
EAGL,2025-09-03,31.36
BCC,2025-09-03,31.35
DRVN,2025-09-03,31.34
WSBC,2025-09-03,31.34
TLX,2025-09-03,31.33
OUT,2025-09-03,31.15
GENI,2025-09-03,31.14
TPC,2025-09-03,31.13
LVHI,2025-09-03,31.09
KGS,2025-09-03,31.05
CVI,2025-09-03,31.05
DEM,2025-09-03,31.03
POWL,2025-09-03,31.03
COLM,2025-09-03,31.01
PTON,2025-09-03,30.99
XYLD,2025-09-03,30.99
AGX,2025-09-03,30.97
ULTY,2025-09-03,30.97
KYMR,2025-09-03,30.96
RLX,2025-09-03,30.95
FLO,2025-09-03,30.92
LIVN,2025-09-03,30.9
TPH,2025-09-03,30.89
IBDT,2025-09-03,30.88
MGEE,2025-09-03,30.86
AKO.A,2025-09-03,30.86
WRBY,2025-09-03,30.81
INDV,2025-09-03,30.78
NMRK,2025-09-03,30.75
USCA,2025-09-03,30.75
CAKE,2025-09-03,30.73
NMIH,2025-09-03,30.73
BFH,2025-09-03,30.72
ICUI,2025-09-03,30.63
USRT,2025-09-03,30.55
SKYY,2025-09-03,30.53
APLE,2025-09-03,30.52
KAR,2025-09-03,30.48
RARE,2025-09-03,30.41
CON,2025-09-03,30.35
ANGL,2025-09-03,30.35
BSCP,2025-09-03,30.34
ABM,2025-09-03,30.33
SFNC,2025-09-03,30.2
GRBK,2025-09-03,30.19
VKTX,2025-09-03,30.17
MGRC,2025-09-03,30.13
GPOR,2025-09-03,30.1
PZA,2025-09-03,30.06
ENVA,2025-09-03,30.01
AMRX,2025-09-03,29.96
SEZL,2025-09-03,29.95
XENE,2025-09-03,29.94
JBND,2025-09-03,29.93
VIOO,2025-09-03,29.93
TBBB,2025-09-03,29.91
AGYS,2025-09-03,29.76
GEO,2025-09-03,29.76
CSQ,2025-09-03,29.75
FNDC,2025-09-03,29.69
PRKS,2025-09-03,29.69
TR,2025-09-03,29.65
BKE,2025-09-03,29.56
IFRA,2025-09-03,29.55
AVA,2025-09-03,29.53
UCON,2025-09-03,29.49
ARLP,2025-09-03,29.47
CGCB,2025-09-03,29.29
HCC,2025-09-03,29.28
GSY,2025-09-03,29.23
BKU,2025-09-03,29.21
CNK,2025-09-03,29.2
HUT,2025-09-03,29.2
DOCN,2025-09-03,29.17
ILCG,2025-09-03,29.13
NFRA,2025-09-03,29.12
IMVT,2025-09-03,29.11
USAC,2025-09-03,29.11
IAC,2025-09-03,29.09
EPI,2025-09-03,29.04
GRND,2025-09-03,29.01
CPK,2025-09-03,28.98
WDFC,2025-09-03,28.97
SIL,2025-09-03,28.95
WB,2025-09-03,28.91
MIAX,2025-09-03,28.9
BUR,2025-09-03,28.88
SGRY,2025-09-03,28.86
SMPL,2025-09-03,28.82
EWU,2025-09-03,28.78
IMCG,2025-09-03,28.78
IBDU,2025-09-03,28.76
FBK,2025-09-03,28.73
EXTR,2025-09-03,28.73
NATL,2025-09-03,28.68
PENN,2025-09-03,28.63
AAXJ,2025-09-03,28.63
IBDQ,2025-09-03,28.56
BRZE,2025-09-03,28.5
MH,2025-09-03,28.5
REVG,2025-09-03,28.46
ALRM,2025-09-03,28.45
PRVA,2025-09-03,28.44
JOE,2025-09-03,28.4
SBET,2025-09-03,28.4
MYRG,2025-09-03,28.37
BTDR,2025-09-03,28.36
YETI,2025-09-03,28.36
AWR,2025-09-03,28.31
LRGF,2025-09-03,28.3
GLOB,2025-09-03,28.21
VAW,2025-09-03,28.2
RIG,2025-09-03,28.2
WU,2025-09-03,28.16
AD,2025-09-03,28.13
IVOO,2025-09-03,28.08
BOTZ,2025-09-03,28.08
NAMS,2025-09-03,28.02
TDW,2025-09-03,27.95
WD,2025-09-03,27.94
IWX,2025-09-03,27.91
CLVT,2025-09-03,27.9
EVTR,2025-09-03,27.88
SAH,2025-09-03,27.87
ICVT,2025-09-03,27.86
RNW,2025-09-03,27.82
SBIL,2025-09-03,27.79
FLRN,2025-09-03,27.76
XRAY,2025-09-03,27.75
WHD,2025-09-03,27.7
MQ,2025-09-03,27.7
CWT,2025-09-03,27.68
TTAM,2025-09-03,27.66
DAVE,2025-09-03,27.64
FA,2025-09-03,27.58
BSCS,2025-09-03,27.57
TDTT,2025-09-03,27.53
VNLA,2025-09-03,27.5
CVBF,2025-09-03,27.47
PRK,2025-09-03,27.45
ETHU,2025-09-03,27.4
RNG,2025-09-03,27.39
IYH,2025-09-03,27.36
NEXT,2025-09-03,27.35
NUGO,2025-09-03,27.34
MANU,2025-09-03,27.34
MEOH,2025-09-03,27.32
SPGP,2025-09-03,27.3
NG,2025-09-03,27.26
TOWN,2025-09-03,27.24
AIR,2025-09-03,27.22
EXG,2025-09-03,27.2
BHC,2025-09-03,27.18
SBCF,2025-09-03,27.17
KYIV,2025-09-03,27.17
MAGS,2025-09-03,27.15
GSUS,2025-09-03,27.05
PGY,2025-09-03,27.04
DEI,2025-09-03,27.04
SIMO,2025-09-03,27.01
FCPT,2025-09-03,26.93
VAC,2025-09-03,26.9
BITO,2025-09-03,26.9
BOH,2025-09-03,26.85
AOR,2025-09-03,26.82
OLN,2025-09-03,26.75
KLMN,2025-09-03,26.71
FLCB,2025-09-03,26.69
DFGR,2025-09-03,26.62
DAN,2025-09-03,26.62
HYMB,2025-09-03,26.61
LU,2025-09-03,26.61
LXP,2025-09-03,26.59
MPW,2025-09-03,26.57
QTEC,2025-09-03,26.57
PAGS,2025-09-03,26.56
CLSK,2025-09-03,26.53
PTY,2025-09-03,26.52
VBIL,2025-09-03,26.48
FAS,2025-09-03,26.44
BANC,2025-09-03,26.41
UUUU,2025-09-03,26.39
NAD,2025-09-03,26.37
GOF,2025-09-03,26.37
NWL,2025-09-03,26.36
STNG,2025-09-03,26.36
KNSA,2025-09-03,26.29
UE,2025-09-03,26.27
RXO,2025-09-03,26.24
HCM,2025-09-03,26.24
SYNA,2025-09-03,26.22
IRDM,2025-09-03,26.18
MRX,2025-09-03,26.16
GTX,2025-09-03,26.14
DV,2025-09-03,26.13
IQ,2025-09-03,26.1
JPC,2025-09-03,26.09
ADX,2025-09-03,26.02
CHEF,2025-09-03,26.01
AKR,2025-09-03,26.01
HTFL,2025-09-03,26.0
ATS,2025-09-03,25.99
DXC,2025-09-03,25.95
PFS,2025-09-03,25.93
FRPT,2025-09-03,25.92
DFH,2025-09-03,25.83
ALKT,2025-09-03,25.81
MLPX,2025-09-03,25.8
IYY,2025-09-03,25.77
AUGO,2025-09-03,25.73
CMBT,2025-09-03,25.71
BSM,2025-09-03,25.7
VIAV,2025-09-03,25.67
HAE,2025-09-03,25.67
FLTR,2025-09-03,25.64
WRD,2025-09-03,25.58
OGN,2025-09-03,25.55
BHF,2025-09-03,25.54
WWW,2025-09-03,25.51
KNTK,2025-09-03,25.48
IVLU,2025-09-03,25.44
MAG,2025-09-03,25.37
UTF,2025-09-03,25.36
SIVR,2025-09-03,25.36
INSP,2025-09-03,25.32
NVG,2025-09-03,25.26
PRFZ,2025-09-03,25.23
SUPN,2025-09-03,25.19
ALG,2025-09-03,25.17
LQDA,2025-09-03,25.16
CPRI,2025-09-03,25.14
BAI,2025-09-03,25.12
AOA,2025-09-03,25.07
NOG,2025-09-03,25.03
LCII,2025-09-03,24.98
BBAR,2025-09-03,24.92
ETY,2025-09-03,24.9
FFBC,2025-09-03,24.81
ALVO,2025-09-03,24.77
EWG,2025-09-03,24.75
ASH,2025-09-03,24.75
WAFD,2025-09-03,24.75
NSA,2025-09-03,24.74
GCOW,2025-09-03,24.72
ACLS,2025-09-03,24.72
IGLB,2025-09-03,24.67
POWI,2025-09-03,24.63
RUM,2025-09-03,24.47
DIOD,2025-09-03,24.45
MDYV,2025-09-03,24.45
FHLC,2025-09-03,24.41
UITB,2025-09-03,24.38
TARS,2025-09-03,24.37
PAYO,2025-09-03,24.36
QLTY,2025-09-03,24.34
IHS,2025-09-03,24.26
CPRX,2025-09-03,24.22
HG,2025-09-03,24.2
FOLD,2025-09-03,24.2
TRMK,2025-09-03,24.19
GRNY,2025-09-03,24.19
NLR,2025-09-03,24.1
VCYT,2025-09-03,24.09
FLIN,2025-09-03,24.07
SXI,2025-09-03,24.07
FELV,2025-09-03,24.05
SPNS,2025-09-03,24.04
GT,2025-09-03,24.03
KOMP,2025-09-03,24.03
CRGY,2025-09-03,24.01
FTSL,2025-09-03,23.99
MDYG,2025-09-03,23.99
COWG,2025-09-03,23.97
FUN,2025-09-03,23.96
BITX,2025-09-03,23.94
FSM,2025-09-03,23.88
PCT,2025-09-03,23.88
HURN,2025-09-03,23.87
CWEN,2025-09-03,23.86
SAM,2025-09-03,23.84
PK,2025-09-03,23.79
FRME,2025-09-03,23.77
GDV,2025-09-03,23.77
OII,2025-09-03,23.74
XMTR,2025-09-03,23.73
BBU,2025-09-03,23.68
NOVZ,2025-09-03,23.63
AGIO,2025-09-03,23.6
AEO,2025-09-03,23.6
DKL,2025-09-03,23.58
ATEC,2025-09-03,23.53
SLQD,2025-09-03,23.52
ASGN,2025-09-03,23.5
FNCL,2025-09-03,23.46
KWR,2025-09-03,23.43
CURB,2025-09-03,23.42
SYBT,2025-09-03,23.41
ARKW,2025-09-03,23.37
VTMX,2025-09-03,23.32
PSNY,2025-09-03,23.31
QUBT,2025-09-03,23.26
INTF,2025-09-03,23.22
PFFD,2025-09-03,23.17
TSLX,2025-09-03,23.15
TIGR,2025-09-03,23.08
NZF,2025-09-03,23.07
BANR,2025-09-03,23.07
NOMD,2025-09-03,23.06
ASHR,2025-09-03,23.06
CLM,2025-09-03,23.05
SPYX,2025-09-03,23.04
TMC,2025-09-03,23.04
FL,2025-09-03,23.02
FLJP,2025-09-03,23.02
CELC,2025-09-03,23.0
JTEK,2025-09-03,23.0
NBTB,2025-09-03,22.99
IHDG,2025-09-03,22.98
IVT,2025-09-03,22.97
OSW,2025-09-03,22.97
BWLP,2025-09-03,22.96
IEV,2025-09-03,22.95
AI,2025-09-03,22.94
CUBI,2025-09-03,22.9
KEN,2025-09-03,22.86
XME,2025-09-03,22.83
ABR,2025-09-03,22.81
APPN,2025-09-03,22.78
FESM,2025-09-03,22.77
APGE,2025-09-03,22.74
INSW,2025-09-03,22.7
VICR,2025-09-03,22.69
HUBG,2025-09-03,22.68
RDVI,2025-09-03,22.68
SOC,2025-09-03,22.65
FBNC,2025-09-03,22.63
CSAN,2025-09-03,22.63
EPAC,2025-09-03,22.61
CCU,2025-09-03,22.6
IDYA,2025-09-03,22.58
TIC,2025-09-03,22.57
TRN,2025-09-03,22.55
SCMB,2025-09-03,22.53
MTRN,2025-09-03,22.51
OCUL,2025-09-03,22.51
PHIN,2025-09-03,22.46
BSCT,2025-09-03,22.44
CC,2025-09-03,22.42
PHO,2025-09-03,22.42
HACK,2025-09-03,22.41
BB,2025-09-03,22.41
IBRX,2025-09-03,22.4
DNLI,2025-09-03,22.39
FXO,2025-09-03,22.35
EFSC,2025-09-03,22.34
FTGC,2025-09-03,22.3
BATRK,2025-09-03,22.26
HTH,2025-09-03,22.1
TRMD,2025-09-03,22.09
HCI,2025-09-03,22.09
SPNT,2025-09-03,22.06
JPLD,2025-09-03,22.06
ETOR,2025-09-03,22.04
SMLF,2025-09-03,22.03
VITL,2025-09-03,22.02
SECT,2025-09-03,22.01
EVTC,2025-09-03,21.98
AMSC,2025-09-03,21.96
TBLL,2025-09-03,21.94
FORM,2025-09-03,21.94
DBD,2025-09-03,21.92
CGON,2025-09-03,21.86
UPWK,2025-09-03,21.81
VRP,2025-09-03,21.78
PAX,2025-09-03,21.77
BUSE,2025-09-03,21.75
NN,2025-09-03,21.74
PABU,2025-09-03,21.73
HBI,2025-09-03,21.72
CHA,2025-09-03,21.71
SBLK,2025-09-03,21.64
HRMY,2025-09-03,21.59
BWIN,2025-09-03,21.54
ACHC,2025-09-03,21.54
VNET,2025-09-03,21.52
CXW,2025-09-03,21.48
HE,2025-09-03,21.46
IRON,2025-09-03,21.41
LMAT,2025-09-03,21.41
PRDO,2025-09-03,21.37
LFST,2025-09-03,21.35
CNTA,2025-09-03,21.33
ZGN,2025-09-03,21.32
IOSP,2025-09-03,21.31
TNA,2025-09-03,21.3
MUNI,2025-09-03,21.27
PTEN,2025-09-03,21.26
COPX,2025-09-03,21.26
JJSF,2025-09-03,21.19
CGHM,2025-09-03,21.16
SHOO,2025-09-03,21.15
PINC,2025-09-03,21.12
NGVT,2025-09-03,21.11
HDEF,2025-09-03,21.1
DNN,2025-09-03,21.07
PRCT,2025-09-03,21.05
GSHD,2025-09-03,21.01
AMBP,2025-09-03,20.98
PXF,2025-09-03,20.89
HNI,2025-09-03,20.87
BLTE,2025-09-03,20.85
COCO,2025-09-03,20.83
NSP,2025-09-03,20.82
ADUS,2025-09-03,20.82
NNNN,2025-09-03,20.8
BTU,2025-09-03,20.78
ACIO,2025-09-03,20.73
ALIT,2025-09-03,20.73
JPHY,2025-09-03,20.7
SILJ,2025-09-03,20.7
CENX,2025-09-03,20.68
KYN,2025-09-03,20.67
AVDX,2025-09-03,20.65
PBI,2025-09-03,20.65
SNPE,2025-09-03,20.65
PPTA,2025-09-03,20.65
EVCM,2025-09-03,20.65
LBTYA,2025-09-03,20.61
GLPG,2025-09-03,20.6
ANIP,2025-09-03,20.59
DBRG,2025-09-03,20.53
EBND,2025-09-03,20.47
FIVN,2025-09-03,20.46
AORT,2025-09-03,20.44
SDRL,2025-09-03,20.4
GEL,2025-09-03,20.4
FINV,2025-09-03,20.37
IBDV,2025-09-03,20.36
DCOR,2025-09-03,20.35
MTX,2025-09-03,20.32
VSH,2025-09-03,20.3
RSI,2025-09-03,20.27
SMTH,2025-09-03,20.25
PGNY,2025-09-03,20.24
STC,2025-09-03,20.23
RXRX,2025-09-03,20.21
NIC,2025-09-03,20.2
IBTG,2025-09-03,20.19
HTRB,2025-09-03,20.19
APUE,2025-09-03,20.19
GUSA,2025-09-03,20.16
PSIX,2025-09-03,20.1
CXM,2025-09-03,20.03
HP,2025-09-03,19.96
TRIP,2025-09-03,19.95
PAR,2025-09-03,19.94
QTUM,2025-09-03,19.9
YELP,2025-09-03,19.88
WT,2025-09-03,19.87
BKAG,2025-09-03,19.86
KLG,2025-09-03,19.85
RING,2025-09-03,19.85
SRPT,2025-09-03,19.84
LZ,2025-09-03,19.83
JBLU,2025-09-03,19.82
STRA,2025-09-03,19.8
EOSE,2025-09-03,19.8
OFG,2025-09-03,19.8
SKWD,2025-09-03,19.79
SKE,2025-09-03,19.72
ESML,2025-09-03,19.72
SEDG,2025-09-03,19.72
ADNT,2025-09-03,19.71
FTLS,2025-09-03,19.63
JMEE,2025-09-03,19.57
ADPT,2025-09-03,19.57
TDC,2025-09-03,19.57
PL,2025-09-03,19.54
CWI,2025-09-03,19.54
XSOE,2025-09-03,19.49
FUTY,2025-09-03,19.42
MLYS,2025-09-03,19.39
DHT,2025-09-03,19.39
ENR,2025-09-03,19.38
CMPO,2025-09-03,19.37
ACVA,2025-09-03,19.36
ITM,2025-09-03,19.35
CCS,2025-09-03,19.35
HLMN,2025-09-03,19.35
USA,2025-09-03,19.34
PRGS,2025-09-03,19.31
SCS,2025-09-03,19.31
XHLF,2025-09-03,19.3
CSTM,2025-09-03,19.3
AGM,2025-09-03,19.25
PFXF,2025-09-03,19.24
QDF,2025-09-03,19.22
OI,2025-09-03,19.21
ARLO,2025-09-03,19.21
RVT,2025-09-03,19.2
DK,2025-09-03,19.19
MSGE,2025-09-03,19.18
DYN,2025-09-03,19.18
IYG,2025-09-03,19.17
XHB,2025-09-03,19.14
FIW,2025-09-03,19.14
WBTN,2025-09-03,19.13
BKV,2025-09-03,19.12
ARQT,2025-09-03,19.11
WEN,2025-09-03,19.09
BBMC,2025-09-03,19.08
HIMU,2025-09-03,19.07
IBTF,2025-09-03,19.05
OUNZ,2025-09-03,19.05
ATKR,2025-09-03,19.02
GTO,2025-09-03,19.01
TRUP,2025-09-03,19.0
BEAM,2025-09-03,18.98
QGRO,2025-09-03,18.98
KLIC,2025-09-03,18.97
TSPA,2025-09-03,18.95
ICF,2025-09-03,18.94
DES,2025-09-03,18.94
SID,2025-09-03,18.92
MAN,2025-09-03,18.91
DXPE,2025-09-03,18.87
SVV,2025-09-03,18.82
HUN,2025-09-03,18.8
HMN,2025-09-03,18.79
LC,2025-09-03,18.77
AVSC,2025-09-03,18.77
GAB,2025-09-03,18.76
QDEL,2025-09-03,18.75
CSGS,2025-09-03,18.73
EXK,2025-09-03,18.72
MCRI,2025-09-03,18.67
CHCO,2025-09-03,18.62
VBTX,2025-09-03,18.62
FMB,2025-09-03,18.61
PRCH,2025-09-03,18.59
FXR,2025-09-03,18.58
FALN,2025-09-03,18.58
FDIS,2025-09-03,18.53
IPAC,2025-09-03,18.53
PLUS,2025-09-03,18.52
NTB,2025-09-03,18.52
EVT,2025-09-03,18.52
FCF,2025-09-03,18.48
REGL,2025-09-03,18.47
LBTYK,2025-09-03,18.46
XSMO,2025-09-03,18.44
NWBI,2025-09-03,18.43
MLPA,2025-09-03,18.43
ARMN,2025-09-03,18.42
QQEW,2025-09-03,18.41
BSCU,2025-09-03,18.38
VSCO,2025-09-03,18.34
XOP,2025-09-03,18.32
BLBD,2025-09-03,18.3
ARDT,2025-09-03,18.3
COGT,2025-09-03,18.27
COUR,2025-09-03,18.27
LION,2025-09-03,18.24
IXC,2025-09-03,18.23
MCW,2025-09-03,18.23
FIHL,2025-09-03,18.22
CTRI,2025-09-03,18.22
BBAI,2025-09-03,18.16
NVDY,2025-09-03,18.16
EWW,2025-09-03,18.15
EPP,2025-09-03,18.15
DSTL,2025-09-03,18.12
BKD,2025-09-03,18.12
PHR,2025-09-03,18.11
NUV,2025-09-03,18.08
AMR,2025-09-03,18.07
AAMI,2025-09-03,18.07
RWR,2025-09-03,18.06
EYE,2025-09-03,18.05
DRD,2025-09-03,18.03
KN,2025-09-03,18.02
GRDN,2025-09-03,17.99
SA,2025-09-03,17.98
SHO,2025-09-03,17.98
RAMP,2025-09-03,17.97
CDLR,2025-09-03,17.95
GLP,2025-09-03,17.92
IWL,2025-09-03,17.9
AIN,2025-09-03,17.9
WMK,2025-09-03,17.89
ENVX,2025-09-03,17.87
NULV,2025-09-03,17.86
GO,2025-09-03,17.84
PARR,2025-09-03,17.84
HEDJ,2025-09-03,17.82
DQ,2025-09-03,17.81
SLVM,2025-09-03,17.8
PFFA,2025-09-03,17.79
OXLC,2025-09-03,17.77
NYAX,2025-09-03,17.77
CCOI,2025-09-03,17.77
STEW,2025-09-03,17.77
IMCR,2025-09-03,17.77
NTCT,2025-09-03,17.77
KSS,2025-09-03,17.76
PDO,2025-09-03,17.76
ARR,2025-09-03,17.75
WLY,2025-09-03,17.72
IBDW,2025-09-03,17.72
ICFI,2025-09-03,17.72
CASH,2025-09-03,17.69
TILT,2025-09-03,17.65
VYX,2025-09-03,17.64
ROCK,2025-09-03,17.6
FCOM,2025-09-03,17.55
ILF,2025-09-03,17.54
ENOV,2025-09-03,17.53
NULG,2025-09-03,17.52
HLIO,2025-09-03,17.51
DFGP,2025-09-03,17.51
TNK,2025-09-03,17.5
HI,2025-09-03,17.49
TPB,2025-09-03,17.48
TVTX,2025-09-03,17.48
IYC,2025-09-03,17.46
SPHR,2025-09-03,17.42
AVAH,2025-09-03,17.42
VVX,2025-09-03,17.42
TY,2025-09-03,17.42
BCRX,2025-09-03,17.4
NHC,2025-09-03,17.4
DRH,2025-09-03,17.4
OLO,2025-09-03,17.4
GNL,2025-09-03,17.39
FLQM,2025-09-03,17.39
TIPX,2025-09-03,17.38
DIVI,2025-09-03,17.38
HTO,2025-09-03,17.36
CENTA,2025-09-03,17.34
DAC,2025-09-03,17.34
FDP,2025-09-03,17.33
AAAU,2025-09-03,17.3
BTE,2025-09-03,17.29
ATRC,2025-09-03,17.28
SHCO,2025-09-03,17.23
BLX,2025-09-03,17.23
ACMR,2025-09-03,17.22
PLUG,2025-09-03,17.21
CCB,2025-09-03,17.2
LOB,2025-09-03,17.17
CGAU,2025-09-03,17.16
SII,2025-09-03,17.15
BHVN,2025-09-03,17.15
RPG,2025-09-03,17.1
IYJ,2025-09-03,17.08
PACS,2025-09-03,17.07
SPBO,2025-09-03,17.07
BCI,2025-09-03,17.06
UNFI,2025-09-03,17.03
WERN,2025-09-03,17.03
SONO,2025-09-03,17.01
LKFN,2025-09-03,16.99
IBTH,2025-09-03,16.96
FSMD,2025-09-03,16.94
NWN,2025-09-03,16.93
VCEL,2025-09-03,16.93
MODG,2025-09-03,16.92
EXPI,2025-09-03,16.92
FLXR,2025-09-03,16.92
MNKD,2025-09-03,16.91
FXU,2025-09-03,16.91
BSVO,2025-09-03,16.9
NTST,2025-09-03,16.88
CERT,2025-09-03,16.87
URNM,2025-09-03,16.87
LBRT,2025-09-03,16.86
WTV,2025-09-03,16.85
HTZ,2025-09-03,16.81
SLDE,2025-09-03,16.81
TALO,2025-09-03,16.77
HYLS,2025-09-03,16.73
BIZD,2025-09-03,16.73
MNR,2025-09-03,16.72
ADEA,2025-09-03,16.69
LTC,2025-09-03,16.68
FPEI,2025-09-03,16.65
AAUC,2025-09-03,16.63
TXG,2025-09-03,16.61
EQWL,2025-09-03,16.6
QLTA,2025-09-03,16.59
RQI,2025-09-03,16.58
BALT,2025-09-03,16.55
AMBR,2025-09-03,16.55
MESO,2025-09-03,16.5
TMFC,2025-09-03,16.49
ARCB,2025-09-03,16.49
WINA,2025-09-03,16.46
QGRW,2025-09-03,16.42
CNXN,2025-09-03,16.4
CECO,2025-09-03,16.4
PPLT,2025-09-03,16.4
DFNM,2025-09-03,16.4
ECAT,2025-09-03,16.38
DX,2025-09-03,16.38
IDT,2025-09-03,16.38
CNMD,2025-09-03,16.37
LSPD,2025-09-03,16.34
WS,2025-09-03,16.33
DNOW,2025-09-03,16.33
DFSU,2025-09-03,16.31
ETV,2025-09-03,16.3
KMT,2025-09-03,16.3
UP,2025-09-03,16.28
ZIM,2025-09-03,16.27
NAC,2025-09-03,16.27
DGS,2025-09-03,16.26
PGRE,2025-09-03,16.24
KBE,2025-09-03,16.23
HYDB,2025-09-03,16.17
SMMD,2025-09-03,16.17
GLTR,2025-09-03,16.17
JMOM,2025-09-03,16.14
ZROZ,2025-09-03,16.13
FLYW,2025-09-03,16.12
RVLV,2025-09-03,16.11
CDTX,2025-09-03,16.08
FLQL,2025-09-03,16.06
GTY,2025-09-03,16.02
SEM,2025-09-03,16.02
KARO,2025-09-03,16.0
TASK,2025-09-03,15.97
BDJ,2025-09-03,15.96
GEF,2025-09-03,15.95
IDMO,2025-09-03,15.91
VRDN,2025-09-03,15.9
OPRA,2025-09-03,15.89
NAKA,2025-09-03,15.87
OUST,2025-09-03,15.86
ETG,2025-09-03,15.85
MBC,2025-09-03,15.83
RWJ,2025-09-03,15.83
AOM,2025-09-03,15.82
STEL,2025-09-03,15.82
PZZA,2025-09-03,15.8
AUPH,2025-09-03,15.8
BCAT,2025-09-03,15.78
IPX,2025-09-03,15.75
ARHS,2025-09-03,15.75
IMAX,2025-09-03,15.72
PXH,2025-09-03,15.72
UFPT,2025-09-03,15.7
TWST,2025-09-03,15.69
ARDX,2025-09-03,15.69
CLDX,2025-09-03,15.68
TRS,2025-09-03,15.68
SRCE,2025-09-03,15.66
MSDL,2025-09-03,15.6
TILE,2025-09-03,15.58
CLBK,2025-09-03,15.57
QUS,2025-09-03,15.56
JPEF,2025-09-03,15.54
IDU,2025-09-03,15.52
EUSA,2025-09-03,15.51
HNGE,2025-09-03,15.51
PAHC,2025-09-03,15.48
GABC,2025-09-03,15.46
EWTX,2025-09-03,15.42
ERO,2025-09-03,15.4
ICLN,2025-09-03,15.38
IIPR,2025-09-03,15.37
TUYA,2025-09-03,15.36
BSTZ,2025-09-03,15.31
BGM,2025-09-03,15.31
ZD,2025-09-03,15.27
CGSD,2025-09-03,15.26
FTHI,2025-09-03,15.25
WLDN,2025-09-03,15.22
VOYG,2025-09-03,15.21
DFIN,2025-09-03,15.21
WKC,2025-09-03,15.17
TCHP,2025-09-03,15.14
CEPU,2025-09-03,15.12
EWA,2025-09-03,15.11
TV,2025-09-03,15.11
CLIP,2025-09-03,15.1
YEAR,2025-09-03,15.1
OMCL,2025-09-03,15.08
STBA,2025-09-03,15.05
ELME,2025-09-03,15.04
UTI,2025-09-03,14.97
SPUS,2025-09-03,14.95
BTX,2025-09-03,14.93
GDRX,2025-09-03,14.91
FIDU,2025-09-03,14.89
CMPR,2025-09-03,14.87
ARI,2025-09-03,14.85
UNIT,2025-09-03,14.85
NBHC,2025-09-03,14.85
RBCAA,2025-09-03,14.84
LNN,2025-09-03,14.82
TNC,2025-09-03,14.79
AMPL,2025-09-03,14.79
IAS,2025-09-03,14.79
IAI,2025-09-03,14.79
BXMX,2025-09-03,14.78
TCBK,2025-09-03,14.78
LADR,2025-09-03,14.77
SOXS,2025-09-03,14.76
TFIN,2025-09-03,14.76
MBIN,2025-09-03,14.75
FSCO,2025-09-03,14.72
BTT,2025-09-03,14.72
VRE,2025-09-03,14.7
MLNK,2025-09-03,14.7
LUCK,2025-09-03,14.69
STGW,2025-09-03,14.67
LZB,2025-09-03,14.66
PKW,2025-09-03,14.65
VERA,2025-09-03,14.65
HYT,2025-09-03,14.64
NABL,2025-09-03,14.61
BMEZ,2025-09-03,14.59
BELFB,2025-09-03,14.56
CLMT,2025-09-03,14.54
DSGR,2025-09-03,14.54
HYS,2025-09-03,14.5
JBBB,2025-09-03,14.47
MD,2025-09-03,14.46
CET,2025-09-03,14.46
TAGG,2025-09-03,14.45
LGIH,2025-09-03,14.44
FLNG,2025-09-03,14.42
EVLN,2025-09-03,14.41
ARCO,2025-09-03,14.41
MTBA,2025-09-03,14.41
FENY,2025-09-03,14.4
UPBD,2025-09-03,14.4
PD,2025-09-03,14.37
BUFD,2025-09-03,14.37
AAOI,2025-09-03,14.35
GOGO,2025-09-03,14.34
GIC,2025-09-03,14.33
DTD,2025-09-03,14.33
CMRE,2025-09-03,14.31
LASR,2025-09-03,14.31
HIMX,2025-09-03,14.31
DSL,2025-09-03,14.28
DUSB,2025-09-03,14.24
HOPE,2025-09-03,14.23
AVDL,2025-09-03,14.23
SCYB,2025-09-03,14.22
GPIQ,2025-09-03,14.22
SDGR,2025-09-03,14.2
VECO,2025-09-03,14.19
NSSC,2025-09-03,14.18
EEMA,2025-09-03,14.18
ASTH,2025-09-03,14.17
GBX,2025-09-03,14.15
PGEN,2025-09-03,14.15
MLKN,2025-09-03,14.11
NMM,2025-09-03,14.09
PHVS,2025-09-03,14.09
BHE,2025-09-03,14.06
JBI,2025-09-03,14.06
ILOW,2025-09-03,14.05
GPIX,2025-09-03,14.05
DOLE,2025-09-03,14.02
GAM,2025-09-03,14.02
LOT,2025-09-03,13.98
DBMF,2025-09-03,13.97
SBH,2025-09-03,13.97
FOR,2025-09-03,13.95
ROG,2025-09-03,13.94
PRG,2025-09-03,13.92
GLOV,2025-09-03,13.92
AMC,2025-09-03,13.9
ANDE,2025-09-03,13.89
BAFE,2025-09-03,13.89
SNDX,2025-09-03,13.89
DFAR,2025-09-03,13.89
XSD,2025-09-03,13.89
USTB,2025-09-03,13.89
XPRO,2025-09-03,13.87
JANX,2025-09-03,13.85
VIOV,2025-09-03,13.83
HROW,2025-09-03,13.82
ONDS,2025-09-03,13.81
BNDW,2025-09-03,13.8
ALEX,2025-09-03,13.79
CQQQ,2025-09-03,13.78
QVML,2025-09-03,13.76
SILA,2025-09-03,13.75
CTOS,2025-09-03,13.73
UVV,2025-09-03,13.72
RSSL,2025-09-03,13.72
USPX,2025-09-03,13.71
TDOC,2025-09-03,13.71
CONY,2025-09-03,13.7
ETNB,2025-09-03,13.7
EVLV,2025-09-03,13.7
GEF.B,2025-09-03,13.69
PEB,2025-09-03,13.68
AFYA,2025-09-03,13.68
XHR,2025-09-03,13.68
BST,2025-09-03,13.67
AMPH,2025-09-03,13.66
EFC,2025-09-03,13.66
OMDA,2025-09-03,13.66
RAVI,2025-09-03,13.66
BWX,2025-09-03,13.65
CLOV,2025-09-03,13.63
NRP,2025-09-03,13.63
ROOT,2025-09-03,13.6
BV,2025-09-03,13.56
NAVI,2025-09-03,13.56
STAA,2025-09-03,13.54
PLTK,2025-09-03,13.53
DRSK,2025-09-03,13.53
AMRC,2025-09-03,13.52
NVCR,2025-09-03,13.51
BASE,2025-09-03,13.49
ARTY,2025-09-03,13.48
RPV,2025-09-03,13.46
AZTA,2025-09-03,13.46
LB,2025-09-03,13.46
AESI,2025-09-03,13.46
FXL,2025-09-03,13.45
FEX,2025-09-03,13.45
FSTA,2025-09-03,13.41
IYK,2025-09-03,13.41
EWP,2025-09-03,13.41
SSII,2025-09-03,13.39
